ISO-10303-21;
HEADER;
/* Generated by software containing ST-Developer
 * from STEP Tools, Inc. (www.steptools.com) 
 */

FILE_DESCRIPTION(
/* description */ (''),
/* implementation_level */ '2;1');

FILE_NAME(
/* name */ '.75 keyboard cad.step',
/* time_stamp */ '2026-03-31T21:52:55+13:00',
/* author */ (''),
/* organization */ (''),
/* preprocessor_version */ 'ST-DEVELOPER v20.1',
/* originating_system */ 'Autodesk Translation Framework v14.24.0.0',
/* authorisation */ '');

FILE_SCHEMA (('AUTOMOTIVE_DESIGN { 1 0 10303 214 3 1 1 }'));
ENDSEC;

DATA;
#10=MECHANICAL_DESIGN_GEOMETRIC_PRESENTATION_REPRESENTATION('',(#23,#24),
#3071);
#11=ITEM_DEFINED_TRANSFORMATION($,$,#1753,#1937);
#12=ITEM_DEFINED_TRANSFORMATION($,$,#1880,#1938);
#13=(
REPRESENTATION_RELATIONSHIP($,$,#3085,#3084)
REPRESENTATION_RELATIONSHIP_WITH_TRANSFORMATION(#11)
SHAPE_REPRESENTATION_RELATIONSHIP()
);
#14=(
REPRESENTATION_RELATIONSHIP($,$,#3086,#3084)
REPRESENTATION_RELATIONSHIP_WITH_TRANSFORMATION(#12)
SHAPE_REPRESENTATION_RELATIONSHIP()
);
#15=CONTEXT_DEPENDENT_SHAPE_REPRESENTATION(#13,#3082);
#16=CONTEXT_DEPENDENT_SHAPE_REPRESENTATION(#14,#3083);
#17=NEXT_ASSEMBLY_USAGE_OCCURRENCE('base:1','base:1','base:1',#3088,#3089,
'base:1');
#18=NEXT_ASSEMBLY_USAGE_OCCURRENCE('Lid:1','Lid:1','Lid:1',#3088,#3090,
'Lid:1');
#19=SHAPE_REPRESENTATION_RELATIONSHIP('SRR','None',#3085,#21);
#20=SHAPE_REPRESENTATION_RELATIONSHIP('SRR','None',#3086,#22);
#21=ADVANCED_BREP_SHAPE_REPRESENTATION('',(#25),#3069);
#22=ADVANCED_BREP_SHAPE_REPRESENTATION('',(#26),#3070);
#23=STYLED_ITEM('',(#3103),#25);
#24=STYLED_ITEM('',(#3103),#26);
#25=MANIFOLD_SOLID_BREP('Body2',#1727);
#26=MANIFOLD_SOLID_BREP('Body1',#1728);
#27=ELLIPSE('',#1826,5.01911743825671,5.00000000000002);
#28=ELLIPSE('',#1827,3.03175524391605,3.00000000000002);
#29=ELLIPSE('',#1831,5.01911743825669,5.);
#30=ELLIPSE('',#1832,3.03175524391603,3.);
#31=ELLIPSE('',#1836,5.0191174382567,5.);
#32=ELLIPSE('',#1837,3.03175524391605,3.00000000000002);
#33=ELLIPSE('',#1840,5.01911743825668,5.);
#34=ELLIPSE('',#1841,3.03175524391603,3.);
#35=ELLIPSE('',#1847,1.7179946382191,1.70000000000002);
#36=ELLIPSE('',#1848,1.71799463821909,1.7);
#37=ELLIPSE('',#1849,1.71799463821909,1.7);
#38=ELLIPSE('',#1850,1.71799463821907,1.69999999999998);
#39=ELLIPSE('',#1851,1.71799463821907,1.69999999999998);
#40=ELLIPSE('',#1852,1.7179946382191,1.70000000000002);
#41=ELLIPSE('',#1853,1.71799463821909,1.7);
#42=ELLIPSE('',#1854,1.71799463821909,1.7);
#43=ELLIPSE('',#1855,1.7179946382191,1.70000000000002);
#44=ELLIPSE('',#1856,1.71799463821909,1.7);
#45=B_SPLINE_SURFACE_WITH_KNOTS('',3,3,((#2650,#2651,#2652,#2653,#2654,
#2655),(#2656,#2657,#2658,#2659,#2660,#2661),(#2662,#2663,#2664,#2665,#2666,
#2667),(#2668,#2669,#2670,#2671,#2672,#2673),(#2674,#2675,#2676,#2677,#2678,
#2679)),.UNSPECIFIED.,.F.,.F.,.F.,(4,1,4),(4,1,1,4),(0.,0.571428571428571,
1.),(-1.57079632679489,-0.897597901025652,-0.448798950512826,1.68446708476007E-16),
 .UNSPECIFIED.);
#46=B_SPLINE_SURFACE_WITH_KNOTS('',3,3,((#2691,#2692,#2693,#2694,#2695,
#2696),(#2697,#2698,#2699,#2700,#2701,#2702),(#2703,#2704,#2705,#2706,#2707,
#2708),(#2709,#2710,#2711,#2712,#2713,#2714),(#2715,#2716,#2717,#2718,#2719,
#2720)),.UNSPECIFIED.,.F.,.F.,.F.,(4,1,4),(4,1,1,4),(0.,0.571428571428571,
1.),(3.52310008684152E-15,0.673198425769243,1.12199737628207,1.5707963267949),
 .UNSPECIFIED.);
#47=B_SPLINE_SURFACE_WITH_KNOTS('',3,3,((#2732,#2733,#2734,#2735,#2736,
#2737),(#2738,#2739,#2740,#2741,#2742,#2743),(#2744,#2745,#2746,#2747,#2748,
#2749),(#2750,#2751,#2752,#2753,#2754,#2755),(#2756,#2757,#2758,#2759,#2760,
#2761),(#2762,#2763,#2764,#2765,#2766,#2767)),.UNSPECIFIED.,.F.,.F.,.F.,
(4,1,1,4),(4,1,1,4),(0.,0.285714285714286,0.571428571428571,1.),(-1.57079632679489,
-0.897597901025652,-0.448798950512826,2.22044604925031E-16),
 .UNSPECIFIED.);
#48=B_SPLINE_SURFACE_WITH_KNOTS('',3,3,((#2779,#2780,#2781,#2782,#2783,
#2784),(#2785,#2786,#2787,#2788,#2789,#2790),(#2791,#2792,#2793,#2794,#2795,
#2796),(#2797,#2798,#2799,#2800,#2801,#2802),(#2803,#2804,#2805,#2806,#2807,
#2808),(#2809,#2810,#2811,#2812,#2813,#2814)),.UNSPECIFIED.,.F.,.F.,.F.,
(4,1,1,4),(4,1,1,4),(0.,0.285714285714286,0.571428571428571,1.),(-1.48216377307127E-15,
0.673198425769241,1.12199737628207,1.5707963267949),.UNSPECIFIED.);
#49=FACE_BOUND('',#320,.T.);
#50=FACE_BOUND('',#321,.T.);
#51=FACE_BOUND('',#322,.T.);
#52=FACE_BOUND('',#323,.T.);
#53=FACE_BOUND('',#324,.T.);
#54=FACE_BOUND('',#325,.T.);
#55=FACE_BOUND('',#326,.T.);
#56=FACE_BOUND('',#327,.T.);
#57=FACE_BOUND('',#328,.T.);
#58=FACE_BOUND('',#329,.T.);
#59=FACE_BOUND('',#335,.T.);
#60=FACE_BOUND('',#338,.T.);
#61=FACE_BOUND('',#341,.T.);
#62=FACE_BOUND('',#344,.T.);
#63=FACE_BOUND('',#347,.T.);
#64=FACE_BOUND('',#350,.T.);
#65=FACE_BOUND('',#353,.T.);
#66=FACE_BOUND('',#356,.T.);
#67=FACE_BOUND('',#359,.T.);
#68=FACE_BOUND('',#362,.T.);
#69=FACE_BOUND('',#376,.T.);
#70=FACE_BOUND('',#377,.T.);
#71=FACE_BOUND('',#378,.T.);
#72=FACE_BOUND('',#379,.T.);
#73=FACE_BOUND('',#380,.T.);
#74=FACE_BOUND('',#381,.T.);
#75=FACE_BOUND('',#382,.T.);
#76=FACE_BOUND('',#383,.T.);
#77=FACE_BOUND('',#384,.T.);
#78=FACE_BOUND('',#385,.T.);
#79=FACE_BOUND('',#414,.T.);
#80=FACE_BOUND('',#415,.T.);
#81=FACE_BOUND('',#416,.T.);
#82=FACE_BOUND('',#417,.T.);
#83=FACE_BOUND('',#418,.T.);
#84=FACE_BOUND('',#419,.T.);
#85=FACE_BOUND('',#420,.T.);
#86=FACE_BOUND('',#421,.T.);
#87=FACE_BOUND('',#422,.T.);
#88=FACE_BOUND('',#423,.T.);
#89=FACE_BOUND('',#424,.T.);
#90=FACE_BOUND('',#448,.T.);
#91=FACE_BOUND('',#449,.T.);
#92=FACE_BOUND('',#450,.T.);
#93=FACE_BOUND('',#451,.T.);
#94=FACE_BOUND('',#452,.T.);
#95=FACE_BOUND('',#453,.T.);
#96=FACE_BOUND('',#454,.T.);
#97=FACE_BOUND('',#455,.T.);
#98=FACE_BOUND('',#456,.T.);
#99=FACE_BOUND('',#457,.T.);
#100=FACE_BOUND('',#458,.T.);
#101=CIRCLE('',#1756,1.5);
#102=CIRCLE('',#1757,1.5);
#103=CIRCLE('',#1760,1.5);
#104=CIRCLE('',#1761,1.5);
#105=CIRCLE('',#1765,5.00000000000002);
#106=CIRCLE('',#1766,5.);
#107=CIRCLE('',#1767,5.00000000000002);
#108=CIRCLE('',#1768,5.);
#109=CIRCLE('',#1769,3.);
#110=CIRCLE('',#1770,2.99999999999997);
#111=CIRCLE('',#1771,3.00000000000001);
#112=CIRCLE('',#1772,2.99999999999997);
#113=CIRCLE('',#1773,3.00000000000001);
#114=CIRCLE('',#1774,3.);
#115=CIRCLE('',#1775,3.00000000000001);
#116=CIRCLE('',#1776,3.);
#117=CIRCLE('',#1777,2.99999999999997);
#118=CIRCLE('',#1778,3.00000000000001);
#119=CIRCLE('',#1783,3.00000000000001);
#120=CIRCLE('',#1785,1.7);
#121=CIRCLE('',#1787,2.99999999999997);
#122=CIRCLE('',#1789,1.70000000000002);
#123=CIRCLE('',#1791,3.);
#124=CIRCLE('',#1793,1.7);
#125=CIRCLE('',#1795,3.00000000000001);
#126=CIRCLE('',#1797,1.70000000000002);
#127=CIRCLE('',#1799,3.);
#128=CIRCLE('',#1801,1.7);
#129=CIRCLE('',#1803,3.00000000000001);
#130=CIRCLE('',#1805,1.69999999999998);
#131=CIRCLE('',#1807,2.99999999999997);
#132=CIRCLE('',#1809,1.69999999999998);
#133=CIRCLE('',#1811,3.00000000000001);
#134=CIRCLE('',#1813,1.7);
#135=CIRCLE('',#1815,2.99999999999997);
#136=CIRCLE('',#1817,1.70000000000002);
#137=CIRCLE('',#1819,3.);
#138=CIRCLE('',#1821,1.7);
#139=CIRCLE('',#1823,2.);
#140=CIRCLE('',#1824,2.);
#141=CIRCLE('',#1825,2.);
#142=CIRCLE('',#1829,2.);
#143=CIRCLE('',#1830,2.);
#144=CIRCLE('',#1834,2.);
#145=CIRCLE('',#1835,2.);
#146=CIRCLE('',#1839,2.);
#147=CIRCLE('',#1886,5.);
#148=CIRCLE('',#1887,5.00000000000002);
#149=CIRCLE('',#1888,5.);
#150=CIRCLE('',#1889,5.00000000000002);
#151=CIRCLE('',#1890,1.7);
#152=CIRCLE('',#1891,1.69999999999998);
#153=CIRCLE('',#1892,1.70000000000002);
#154=CIRCLE('',#1893,1.70000000000002);
#155=CIRCLE('',#1894,1.7);
#156=CIRCLE('',#1895,1.70000000000002);
#157=CIRCLE('',#1896,1.7);
#158=CIRCLE('',#1897,1.69999999999998);
#159=CIRCLE('',#1898,1.7);
#160=CIRCLE('',#1899,1.7);
#161=CIRCLE('',#1905,1.7);
#162=CIRCLE('',#1907,1.69999999999998);
#163=CIRCLE('',#1909,1.70000000000002);
#164=CIRCLE('',#1911,1.70000000000002);
#165=CIRCLE('',#1913,1.7);
#166=CIRCLE('',#1915,1.70000000000002);
#167=CIRCLE('',#1917,1.7);
#168=CIRCLE('',#1919,1.69999999999998);
#169=CIRCLE('',#1921,1.7);
#170=CIRCLE('',#1923,1.7);
#171=CIRCLE('',#1925,5.00000000000002);
#172=CIRCLE('',#1928,5.);
#173=CIRCLE('',#1931,5.00000000000002);
#174=CIRCLE('',#1934,5.);
#175=CYLINDRICAL_SURFACE('',#1755,1.5);
#176=CYLINDRICAL_SURFACE('',#1759,1.5);
#177=CYLINDRICAL_SURFACE('',#1782,3.00000000000001);
#178=CYLINDRICAL_SURFACE('',#1786,2.99999999999997);
#179=CYLINDRICAL_SURFACE('',#1790,3.);
#180=CYLINDRICAL_SURFACE('',#1794,3.00000000000001);
#181=CYLINDRICAL_SURFACE('',#1798,3.);
#182=CYLINDRICAL_SURFACE('',#1802,3.00000000000001);
#183=CYLINDRICAL_SURFACE('',#1806,2.99999999999997);
#184=CYLINDRICAL_SURFACE('',#1810,3.00000000000001);
#185=CYLINDRICAL_SURFACE('',#1814,2.99999999999997);
#186=CYLINDRICAL_SURFACE('',#1818,3.);
#187=CYLINDRICAL_SURFACE('',#1822,2.);
#188=CYLINDRICAL_SURFACE('',#1828,2.);
#189=CYLINDRICAL_SURFACE('',#1833,2.);
#190=CYLINDRICAL_SURFACE('',#1838,2.);
#191=CYLINDRICAL_SURFACE('',#1842,5.00000000000002);
#192=CYLINDRICAL_SURFACE('',#1844,5.);
#193=CYLINDRICAL_SURFACE('',#1857,5.);
#194=CYLINDRICAL_SURFACE('',#1859,5.00000000000002);
#195=CYLINDRICAL_SURFACE('',#1870,1.70000000000002);
#196=CYLINDRICAL_SURFACE('',#1871,1.7);
#197=CYLINDRICAL_SURFACE('',#1872,1.7);
#198=CYLINDRICAL_SURFACE('',#1873,1.69999999999998);
#199=CYLINDRICAL_SURFACE('',#1874,1.69999999999998);
#200=CYLINDRICAL_SURFACE('',#1875,1.70000000000002);
#201=CYLINDRICAL_SURFACE('',#1876,1.7);
#202=CYLINDRICAL_SURFACE('',#1877,1.7);
#203=CYLINDRICAL_SURFACE('',#1878,1.70000000000002);
#204=CYLINDRICAL_SURFACE('',#1879,1.7);
#205=CYLINDRICAL_SURFACE('',#1904,1.7);
#206=CYLINDRICAL_SURFACE('',#1906,1.69999999999998);
#207=CYLINDRICAL_SURFACE('',#1908,1.70000000000002);
#208=CYLINDRICAL_SURFACE('',#1910,1.70000000000002);
#209=CYLINDRICAL_SURFACE('',#1912,1.7);
#210=CYLINDRICAL_SURFACE('',#1914,1.70000000000002);
#211=CYLINDRICAL_SURFACE('',#1916,1.7);
#212=CYLINDRICAL_SURFACE('',#1918,1.69999999999998);
#213=CYLINDRICAL_SURFACE('',#1920,1.7);
#214=CYLINDRICAL_SURFACE('',#1922,1.7);
#215=CYLINDRICAL_SURFACE('',#1924,5.00000000000002);
#216=CYLINDRICAL_SURFACE('',#1927,5.);
#217=CYLINDRICAL_SURFACE('',#1930,5.00000000000002);
#218=CYLINDRICAL_SURFACE('',#1933,5.);
#219=FACE_OUTER_BOUND('',#313,.T.);
#220=FACE_OUTER_BOUND('',#314,.T.);
#221=FACE_OUTER_BOUND('',#315,.T.);
#222=FACE_OUTER_BOUND('',#316,.T.);
#223=FACE_OUTER_BOUND('',#317,.T.);
#224=FACE_OUTER_BOUND('',#318,.T.);
#225=FACE_OUTER_BOUND('',#319,.T.);
#226=FACE_OUTER_BOUND('',#330,.T.);
#227=FACE_OUTER_BOUND('',#331,.T.);
#228=FACE_OUTER_BOUND('',#332,.T.);
#229=FACE_OUTER_BOUND('',#333,.T.);
#230=FACE_OUTER_BOUND('',#334,.T.);
#231=FACE_OUTER_BOUND('',#336,.T.);
#232=FACE_OUTER_BOUND('',#337,.T.);
#233=FACE_OUTER_BOUND('',#339,.T.);
#234=FACE_OUTER_BOUND('',#340,.T.);
#235=FACE_OUTER_BOUND('',#342,.T.);
#236=FACE_OUTER_BOUND('',#343,.T.);
#237=FACE_OUTER_BOUND('',#345,.T.);
#238=FACE_OUTER_BOUND('',#346,.T.);
#239=FACE_OUTER_BOUND('',#348,.T.);
#240=FACE_OUTER_BOUND('',#349,.T.);
#241=FACE_OUTER_BOUND('',#351,.T.);
#242=FACE_OUTER_BOUND('',#352,.T.);
#243=FACE_OUTER_BOUND('',#354,.T.);
#244=FACE_OUTER_BOUND('',#355,.T.);
#245=FACE_OUTER_BOUND('',#357,.T.);
#246=FACE_OUTER_BOUND('',#358,.T.);
#247=FACE_OUTER_BOUND('',#360,.T.);
#248=FACE_OUTER_BOUND('',#361,.T.);
#249=FACE_OUTER_BOUND('',#363,.T.);
#250=FACE_OUTER_BOUND('',#364,.T.);
#251=FACE_OUTER_BOUND('',#365,.T.);
#252=FACE_OUTER_BOUND('',#366,.T.);
#253=FACE_OUTER_BOUND('',#367,.T.);
#254=FACE_OUTER_BOUND('',#368,.T.);
#255=FACE_OUTER_BOUND('',#369,.T.);
#256=FACE_OUTER_BOUND('',#370,.T.);
#257=FACE_OUTER_BOUND('',#371,.T.);
#258=FACE_OUTER_BOUND('',#372,.T.);
#259=FACE_OUTER_BOUND('',#373,.T.);
#260=FACE_OUTER_BOUND('',#374,.T.);
#261=FACE_OUTER_BOUND('',#375,.T.);
#262=FACE_OUTER_BOUND('',#386,.T.);
#263=FACE_OUTER_BOUND('',#387,.T.);
#264=FACE_OUTER_BOUND('',#388,.T.);
#265=FACE_OUTER_BOUND('',#389,.T.);
#266=FACE_OUTER_BOUND('',#390,.T.);
#267=FACE_OUTER_BOUND('',#391,.T.);
#268=FACE_OUTER_BOUND('',#392,.T.);
#269=FACE_OUTER_BOUND('',#393,.T.);
#270=FACE_OUTER_BOUND('',#394,.T.);
#271=FACE_OUTER_BOUND('',#395,.T.);
#272=FACE_OUTER_BOUND('',#396,.T.);
#273=FACE_OUTER_BOUND('',#397,.T.);
#274=FACE_OUTER_BOUND('',#398,.T.);
#275=FACE_OUTER_BOUND('',#399,.T.);
#276=FACE_OUTER_BOUND('',#400,.T.);
#277=FACE_OUTER_BOUND('',#401,.T.);
#278=FACE_OUTER_BOUND('',#402,.T.);
#279=FACE_OUTER_BOUND('',#403,.T.);
#280=FACE_OUTER_BOUND('',#404,.T.);
#281=FACE_OUTER_BOUND('',#405,.T.);
#282=FACE_OUTER_BOUND('',#406,.T.);
#283=FACE_OUTER_BOUND('',#407,.T.);
#284=FACE_OUTER_BOUND('',#408,.T.);
#285=FACE_OUTER_BOUND('',#409,.T.);
#286=FACE_OUTER_BOUND('',#410,.T.);
#287=FACE_OUTER_BOUND('',#411,.T.);
#288=FACE_OUTER_BOUND('',#412,.T.);
#289=FACE_OUTER_BOUND('',#413,.T.);
#290=FACE_OUTER_BOUND('',#425,.T.);
#291=FACE_OUTER_BOUND('',#426,.T.);
#292=FACE_OUTER_BOUND('',#427,.T.);
#293=FACE_OUTER_BOUND('',#428,.T.);
#294=FACE_OUTER_BOUND('',#429,.T.);
#295=FACE_OUTER_BOUND('',#430,.T.);
#296=FACE_OUTER_BOUND('',#431,.T.);
#297=FACE_OUTER_BOUND('',#432,.T.);
#298=FACE_OUTER_BOUND('',#433,.T.);
#299=FACE_OUTER_BOUND('',#434,.T.);
#300=FACE_OUTER_BOUND('',#435,.T.);
#301=FACE_OUTER_BOUND('',#436,.T.);
#302=FACE_OUTER_BOUND('',#437,.T.);
#303=FACE_OUTER_BOUND('',#438,.T.);
#304=FACE_OUTER_BOUND('',#439,.T.);
#305=FACE_OUTER_BOUND('',#440,.T.);
#306=FACE_OUTER_BOUND('',#441,.T.);
#307=FACE_OUTER_BOUND('',#442,.T.);
#308=FACE_OUTER_BOUND('',#443,.T.);
#309=FACE_OUTER_BOUND('',#444,.T.);
#310=FACE_OUTER_BOUND('',#445,.T.);
#311=FACE_OUTER_BOUND('',#446,.T.);
#312=FACE_OUTER_BOUND('',#447,.T.);
#313=EDGE_LOOP('',(#1123,#1124,#1125,#1126));
#314=EDGE_LOOP('',(#1127,#1128,#1129,#1130));
#315=EDGE_LOOP('',(#1131,#1132,#1133,#1134,#1135,#1136,#1137,#1138));
#316=EDGE_LOOP('',(#1139,#1140,#1141,#1142));
#317=EDGE_LOOP('',(#1143,#1144,#1145,#1146,#1147,#1148));
#318=EDGE_LOOP('',(#1149,#1150,#1151,#1152,#1153,#1154));
#319=EDGE_LOOP('',(#1155,#1156,#1157,#1158,#1159,#1160,#1161,#1162,#1163,
#1164,#1165,#1166,#1167,#1168,#1169,#1170));
#320=EDGE_LOOP('',(#1171));
#321=EDGE_LOOP('',(#1172));
#322=EDGE_LOOP('',(#1173));
#323=EDGE_LOOP('',(#1174));
#324=EDGE_LOOP('',(#1175));
#325=EDGE_LOOP('',(#1176));
#326=EDGE_LOOP('',(#1177));
#327=EDGE_LOOP('',(#1178));
#328=EDGE_LOOP('',(#1179));
#329=EDGE_LOOP('',(#1180));
#330=EDGE_LOOP('',(#1181,#1182,#1183,#1184,#1185,#1186,#1187));
#331=EDGE_LOOP('',(#1188,#1189,#1190,#1191,#1192));
#332=EDGE_LOOP('',(#1193,#1194,#1195,#1196));
#333=EDGE_LOOP('',(#1197,#1198,#1199,#1200));
#334=EDGE_LOOP('',(#1201));
#335=EDGE_LOOP('',(#1202));
#336=EDGE_LOOP('',(#1203,#1204,#1205,#1206));
#337=EDGE_LOOP('',(#1207));
#338=EDGE_LOOP('',(#1208));
#339=EDGE_LOOP('',(#1209,#1210,#1211,#1212));
#340=EDGE_LOOP('',(#1213));
#341=EDGE_LOOP('',(#1214));
#342=EDGE_LOOP('',(#1215,#1216,#1217,#1218));
#343=EDGE_LOOP('',(#1219));
#344=EDGE_LOOP('',(#1220));
#345=EDGE_LOOP('',(#1221,#1222,#1223,#1224));
#346=EDGE_LOOP('',(#1225));
#347=EDGE_LOOP('',(#1226));
#348=EDGE_LOOP('',(#1227,#1228,#1229,#1230));
#349=EDGE_LOOP('',(#1231));
#350=EDGE_LOOP('',(#1232));
#351=EDGE_LOOP('',(#1233,#1234,#1235,#1236));
#352=EDGE_LOOP('',(#1237));
#353=EDGE_LOOP('',(#1238));
#354=EDGE_LOOP('',(#1239,#1240,#1241,#1242));
#355=EDGE_LOOP('',(#1243));
#356=EDGE_LOOP('',(#1244));
#357=EDGE_LOOP('',(#1245,#1246,#1247,#1248));
#358=EDGE_LOOP('',(#1249));
#359=EDGE_LOOP('',(#1250));
#360=EDGE_LOOP('',(#1251,#1252,#1253,#1254));
#361=EDGE_LOOP('',(#1255));
#362=EDGE_LOOP('',(#1256));
#363=EDGE_LOOP('',(#1257,#1258,#1259,#1260));
#364=EDGE_LOOP('',(#1261,#1262,#1263,#1264));
#365=EDGE_LOOP('',(#1265,#1266,#1267,#1268));
#366=EDGE_LOOP('',(#1269,#1270,#1271,#1272));
#367=EDGE_LOOP('',(#1273,#1274,#1275,#1276));
#368=EDGE_LOOP('',(#1277,#1278,#1279,#1280));
#369=EDGE_LOOP('',(#1281,#1282,#1283,#1284));
#370=EDGE_LOOP('',(#1285,#1286,#1287,#1288));
#371=EDGE_LOOP('',(#1289,#1290,#1291,#1292));
#372=EDGE_LOOP('',(#1293,#1294,#1295,#1296));
#373=EDGE_LOOP('',(#1297,#1298,#1299,#1300));
#374=EDGE_LOOP('',(#1301,#1302,#1303,#1304,#1305,#1306,#1307,#1308,#1309,
#1310));
#375=EDGE_LOOP('',(#1311,#1312,#1313,#1314,#1315,#1316,#1317,#1318));
#376=EDGE_LOOP('',(#1319));
#377=EDGE_LOOP('',(#1320));
#378=EDGE_LOOP('',(#1321));
#379=EDGE_LOOP('',(#1322));
#380=EDGE_LOOP('',(#1323));
#381=EDGE_LOOP('',(#1324));
#382=EDGE_LOOP('',(#1325));
#383=EDGE_LOOP('',(#1326));
#384=EDGE_LOOP('',(#1327));
#385=EDGE_LOOP('',(#1328));
#386=EDGE_LOOP('',(#1329,#1330,#1331,#1332));
#387=EDGE_LOOP('',(#1333,#1334,#1335,#1336));
#388=EDGE_LOOP('',(#1337,#1338,#1339,#1340));
#389=EDGE_LOOP('',(#1341,#1342,#1343,#1344));
#390=EDGE_LOOP('',(#1345,#1346,#1347,#1348,#1349,#1350));
#391=EDGE_LOOP('',(#1351,#1352,#1353,#1354));
#392=EDGE_LOOP('',(#1355,#1356,#1357,#1358));
#393=EDGE_LOOP('',(#1359,#1360,#1361,#1362));
#394=EDGE_LOOP('',(#1363,#1364,#1365,#1366));
#395=EDGE_LOOP('',(#1367,#1368,#1369,#1370));
#396=EDGE_LOOP('',(#1371,#1372,#1373,#1374));
#397=EDGE_LOOP('',(#1375,#1376,#1377,#1378));
#398=EDGE_LOOP('',(#1379,#1380,#1381,#1382,#1383,#1384,#1385,#1386,#1387,
#1388,#1389,#1390));
#399=EDGE_LOOP('',(#1391,#1392,#1393,#1394));
#400=EDGE_LOOP('',(#1395,#1396,#1397,#1398));
#401=EDGE_LOOP('',(#1399,#1400,#1401,#1402));
#402=EDGE_LOOP('',(#1403,#1404,#1405,#1406));
#403=EDGE_LOOP('',(#1407,#1408,#1409,#1410));
#404=EDGE_LOOP('',(#1411,#1412,#1413,#1414));
#405=EDGE_LOOP('',(#1415,#1416,#1417,#1418));
#406=EDGE_LOOP('',(#1419,#1420,#1421,#1422));
#407=EDGE_LOOP('',(#1423,#1424,#1425,#1426));
#408=EDGE_LOOP('',(#1427,#1428,#1429,#1430));
#409=EDGE_LOOP('',(#1431,#1432,#1433,#1434));
#410=EDGE_LOOP('',(#1435,#1436,#1437,#1438));
#411=EDGE_LOOP('',(#1439,#1440,#1441,#1442));
#412=EDGE_LOOP('',(#1443,#1444,#1445,#1446));
#413=EDGE_LOOP('',(#1447,#1448,#1449,#1450,#1451,#1452,#1453,#1454,#1455,
#1456,#1457,#1458));
#414=EDGE_LOOP('',(#1459,#1460,#1461,#1462));
#415=EDGE_LOOP('',(#1463));
#416=EDGE_LOOP('',(#1464));
#417=EDGE_LOOP('',(#1465));
#418=EDGE_LOOP('',(#1466));
#419=EDGE_LOOP('',(#1467));
#420=EDGE_LOOP('',(#1468));
#421=EDGE_LOOP('',(#1469));
#422=EDGE_LOOP('',(#1470));
#423=EDGE_LOOP('',(#1471));
#424=EDGE_LOOP('',(#1472));
#425=EDGE_LOOP('',(#1473,#1474,#1475,#1476));
#426=EDGE_LOOP('',(#1477,#1478,#1479,#1480));
#427=EDGE_LOOP('',(#1481,#1482,#1483,#1484));
#428=EDGE_LOOP('',(#1485,#1486,#1487,#1488));
#429=EDGE_LOOP('',(#1489,#1490,#1491,#1492));
#430=EDGE_LOOP('',(#1493,#1494,#1495,#1496));
#431=EDGE_LOOP('',(#1497,#1498,#1499,#1500));
#432=EDGE_LOOP('',(#1501,#1502,#1503,#1504));
#433=EDGE_LOOP('',(#1505,#1506,#1507,#1508));
#434=EDGE_LOOP('',(#1509,#1510,#1511,#1512));
#435=EDGE_LOOP('',(#1513,#1514,#1515,#1516));
#436=EDGE_LOOP('',(#1517,#1518,#1519,#1520));
#437=EDGE_LOOP('',(#1521,#1522,#1523,#1524));
#438=EDGE_LOOP('',(#1525,#1526,#1527,#1528));
#439=EDGE_LOOP('',(#1529,#1530,#1531,#1532));
#440=EDGE_LOOP('',(#1533,#1534,#1535,#1536,#1537,#1538,#1539,#1540));
#441=EDGE_LOOP('',(#1541,#1542,#1543,#1544));
#442=EDGE_LOOP('',(#1545,#1546,#1547,#1548));
#443=EDGE_LOOP('',(#1549,#1550,#1551,#1552));
#444=EDGE_LOOP('',(#1553,#1554,#1555,#1556));
#445=EDGE_LOOP('',(#1557,#1558,#1559,#1560));
#446=EDGE_LOOP('',(#1561,#1562,#1563,#1564));
#447=EDGE_LOOP('',(#1565,#1566,#1567,#1568,#1569,#1570,#1571,#1572));
#448=EDGE_LOOP('',(#1573));
#449=EDGE_LOOP('',(#1574));
#450=EDGE_LOOP('',(#1575));
#451=EDGE_LOOP('',(#1576));
#452=EDGE_LOOP('',(#1577));
#453=EDGE_LOOP('',(#1578));
#454=EDGE_LOOP('',(#1579));
#455=EDGE_LOOP('',(#1580));
#456=EDGE_LOOP('',(#1581));
#457=EDGE_LOOP('',(#1582));
#458=EDGE_LOOP('',(#1583,#1584,#1585,#1586));
#459=LINE('',#2458,#599);
#460=LINE('',#2460,#600);
#461=LINE('',#2462,#601);
#462=LINE('',#2463,#602);
#463=LINE('',#2469,#603);
#464=LINE('',#2472,#604);
#465=LINE('',#2474,#605);
#466=LINE('',#2476,#606);
#467=LINE('',#2478,#607);
#468=LINE('',#2480,#608);
#469=LINE('',#2482,#609);
#470=LINE('',#2483,#610);
#471=LINE('',#2488,#611);
#472=LINE('',#2492,#612);
#473=LINE('',#2494,#613);
#474=LINE('',#2496,#614);
#475=LINE('',#2498,#615);
#476=LINE('',#2499,#616);
#477=LINE('',#2502,#617);
#478=LINE('',#2504,#618);
#479=LINE('',#2506,#619);
#480=LINE('',#2508,#620);
#481=LINE('',#2509,#621);
#482=LINE('',#2512,#622);
#483=LINE('',#2514,#623);
#484=LINE('',#2516,#624);
#485=LINE('',#2518,#625);
#486=LINE('',#2519,#626);
#487=LINE('',#2521,#627);
#488=LINE('',#2525,#628);
#489=LINE('',#2529,#629);
#490=LINE('',#2533,#630);
#491=LINE('',#2536,#631);
#492=LINE('',#2559,#632);
#493=LINE('',#2561,#633);
#494=LINE('',#2562,#634);
#495=LINE('',#2565,#635);
#496=LINE('',#2566,#636);
#497=LINE('',#2569,#637);
#498=LINE('',#2570,#638);
#499=LINE('',#2573,#639);
#500=LINE('',#2580,#640);
#501=LINE('',#2587,#641);
#502=LINE('',#2594,#642);
#503=LINE('',#2601,#643);
#504=LINE('',#2608,#644);
#505=LINE('',#2615,#645);
#506=LINE('',#2622,#646);
#507=LINE('',#2629,#647);
#508=LINE('',#2636,#648);
#509=LINE('',#2646,#649);
#510=LINE('',#2649,#650);
#511=LINE('',#2689,#651);
#512=LINE('',#2690,#652);
#513=LINE('',#2730,#653);
#514=LINE('',#2731,#654);
#515=LINE('',#2777,#655);
#516=LINE('',#2778,#656);
#517=LINE('',#2818,#657);
#518=LINE('',#2819,#658);
#519=LINE('',#2821,#659);
#520=LINE('',#2823,#660);
#521=LINE('',#2825,#661);
#522=LINE('',#2848,#662);
#523=LINE('',#2849,#663);
#524=LINE('',#2852,#664);
#525=LINE('',#2856,#665);
#526=LINE('',#2858,#666);
#527=LINE('',#2860,#667);
#528=LINE('',#2861,#668);
#529=LINE('',#2863,#669);
#530=LINE('',#2865,#670);
#531=LINE('',#2867,#671);
#532=LINE('',#2870,#672);
#533=LINE('',#2872,#673);
#534=LINE('',#2873,#674);
#535=LINE('',#2876,#675);
#536=LINE('',#2877,#676);
#537=LINE('',#2879,#677);
#538=LINE('',#2881,#678);
#539=LINE('',#2884,#679);
#540=LINE('',#2886,#680);
#541=LINE('',#2888,#681);
#542=LINE('',#2890,#682);
#543=LINE('',#2892,#683);
#544=LINE('',#2894,#684);
#545=LINE('',#2896,#685);
#546=LINE('',#2898,#686);
#547=LINE('',#2900,#687);
#548=LINE('',#2902,#688);
#549=LINE('',#2907,#689);
#550=LINE('',#2909,#690);
#551=LINE('',#2911,#691);
#552=LINE('',#2912,#692);
#553=LINE('',#2915,#693);
#554=LINE('',#2917,#694);
#555=LINE('',#2918,#695);
#556=LINE('',#2921,#696);
#557=LINE('',#2922,#697);
#558=LINE('',#2925,#698);
#559=LINE('',#2926,#699);
#560=LINE('',#2929,#700);
#561=LINE('',#2933,#701);
#562=LINE('',#2937,#702);
#563=LINE('',#2941,#703);
#564=LINE('',#2944,#704);
#565=LINE('',#2947,#705);
#566=LINE('',#2949,#706);
#567=LINE('',#2951,#707);
#568=LINE('',#2952,#708);
#569=LINE('',#2975,#709);
#570=LINE('',#2977,#710);
#571=LINE('',#2978,#711);
#572=LINE('',#2981,#712);
#573=LINE('',#2982,#713);
#574=LINE('',#2985,#714);
#575=LINE('',#2986,#715);
#576=LINE('',#2988,#716);
#577=LINE('',#2992,#717);
#578=LINE('',#2996,#718);
#579=LINE('',#3000,#719);
#580=LINE('',#3004,#720);
#581=LINE('',#3008,#721);
#582=LINE('',#3012,#722);
#583=LINE('',#3016,#723);
#584=LINE('',#3020,#724);
#585=LINE('',#3024,#725);
#586=LINE('',#3028,#726);
#587=LINE('',#3031,#727);
#588=LINE('',#3034,#728);
#589=LINE('',#3037,#729);
#590=LINE('',#3038,#730);
#591=LINE('',#3042,#731);
#592=LINE('',#3045,#732);
#593=LINE('',#3046,#733);
#594=LINE('',#3050,#734);
#595=LINE('',#3053,#735);
#596=LINE('',#3054,#736);
#597=LINE('',#3058,#737);
#598=LINE('',#3060,#738);
#599=VECTOR('',#1945,10.);
#600=VECTOR('',#1946,10.);
#601=VECTOR('',#1947,10.);
#602=VECTOR('',#1948,10.);
#603=VECTOR('',#1953,10.);
#604=VECTOR('',#1956,10.);
#605=VECTOR('',#1959,10.);
#606=VECTOR('',#1960,10.);
#607=VECTOR('',#1961,10.);
#608=VECTOR('',#1962,10.);
#609=VECTOR('',#1963,10.);
#610=VECTOR('',#1964,10.);
#611=VECTOR('',#1969,10.);
#612=VECTOR('',#1974,10.);
#613=VECTOR('',#1975,10.);
#614=VECTOR('',#1976,10.);
#615=VECTOR('',#1977,10.);
#616=VECTOR('',#1978,10.);
#617=VECTOR('',#1981,10.);
#618=VECTOR('',#1982,10.);
#619=VECTOR('',#1983,10.);
#620=VECTOR('',#1984,10.);
#621=VECTOR('',#1985,10.);
#622=VECTOR('',#1988,10.);
#623=VECTOR('',#1989,10.);
#624=VECTOR('',#1990,10.);
#625=VECTOR('',#1991,10.);
#626=VECTOR('',#1992,10.);
#627=VECTOR('',#1993,10.);
#628=VECTOR('',#1996,10.);
#629=VECTOR('',#1999,10.);
#630=VECTOR('',#2002,10.);
#631=VECTOR('',#2005,10.);
#632=VECTOR('',#2028,10.);
#633=VECTOR('',#2029,10.);
#634=VECTOR('',#2030,10.);
#635=VECTOR('',#2033,10.);
#636=VECTOR('',#2034,10.);
#637=VECTOR('',#2037,10.);
#638=VECTOR('',#2038,10.);
#639=VECTOR('',#2041,3.00000000000001);
#640=VECTOR('',#2050,2.99999999999997);
#641=VECTOR('',#2059,3.);
#642=VECTOR('',#2068,3.00000000000001);
#643=VECTOR('',#2077,3.);
#644=VECTOR('',#2086,3.00000000000001);
#645=VECTOR('',#2095,2.99999999999997);
#646=VECTOR('',#2104,3.00000000000001);
#647=VECTOR('',#2113,2.99999999999997);
#648=VECTOR('',#2122,3.);
#649=VECTOR('',#2133,10.);
#650=VECTOR('',#2136,10.);
#651=VECTOR('',#2147,10.);
#652=VECTOR('',#2148,10.);
#653=VECTOR('',#2159,10.);
#654=VECTOR('',#2160,10.);
#655=VECTOR('',#2171,10.);
#656=VECTOR('',#2172,10.);
#657=VECTOR('',#2179,10.);
#658=VECTOR('',#2180,10.);
#659=VECTOR('',#2183,10.);
#660=VECTOR('',#2186,10.);
#661=VECTOR('',#2189,10.);
#662=VECTOR('',#2214,10.);
#663=VECTOR('',#2215,10.);
#664=VECTOR('',#2220,10.);
#665=VECTOR('',#2225,10.);
#666=VECTOR('',#2226,10.);
#667=VECTOR('',#2227,10.);
#668=VECTOR('',#2228,10.);
#669=VECTOR('',#2231,10.);
#670=VECTOR('',#2234,10.);
#671=VECTOR('',#2237,10.);
#672=VECTOR('',#2240,10.);
#673=VECTOR('',#2241,10.);
#674=VECTOR('',#2242,10.);
#675=VECTOR('',#2245,10.);
#676=VECTOR('',#2246,10.);
#677=VECTOR('',#2249,10.);
#678=VECTOR('',#2252,10.);
#679=VECTOR('',#2257,1.70000000000002);
#680=VECTOR('',#2260,1.7);
#681=VECTOR('',#2263,1.7);
#682=VECTOR('',#2266,1.69999999999998);
#683=VECTOR('',#2269,1.69999999999998);
#684=VECTOR('',#2272,1.70000000000002);
#685=VECTOR('',#2275,1.7);
#686=VECTOR('',#2278,1.7);
#687=VECTOR('',#2281,1.70000000000002);
#688=VECTOR('',#2284,1.7);
#689=VECTOR('',#2289,10.);
#690=VECTOR('',#2290,10.);
#691=VECTOR('',#2291,10.);
#692=VECTOR('',#2292,10.);
#693=VECTOR('',#2295,10.);
#694=VECTOR('',#2296,10.);
#695=VECTOR('',#2297,10.);
#696=VECTOR('',#2300,10.);
#697=VECTOR('',#2301,10.);
#698=VECTOR('',#2304,10.);
#699=VECTOR('',#2305,10.);
#700=VECTOR('',#2308,10.);
#701=VECTOR('',#2311,10.);
#702=VECTOR('',#2314,10.);
#703=VECTOR('',#2317,10.);
#704=VECTOR('',#2320,10.);
#705=VECTOR('',#2321,10.);
#706=VECTOR('',#2322,10.);
#707=VECTOR('',#2323,10.);
#708=VECTOR('',#2324,10.);
#709=VECTOR('',#2347,10.);
#710=VECTOR('',#2348,10.);
#711=VECTOR('',#2349,10.);
#712=VECTOR('',#2352,10.);
#713=VECTOR('',#2353,10.);
#714=VECTOR('',#2356,10.);
#715=VECTOR('',#2357,10.);
#716=VECTOR('',#2360,10.);
#717=VECTOR('',#2365,1.7);
#718=VECTOR('',#2370,1.69999999999998);
#719=VECTOR('',#2375,1.70000000000002);
#720=VECTOR('',#2380,1.70000000000002);
#721=VECTOR('',#2385,1.7);
#722=VECTOR('',#2390,1.70000000000002);
#723=VECTOR('',#2395,1.7);
#724=VECTOR('',#2400,1.69999999999998);
#725=VECTOR('',#2405,1.7);
#726=VECTOR('',#2410,1.7);
#727=VECTOR('',#2413,10.);
#728=VECTOR('',#2416,10.);
#729=VECTOR('',#2419,10.);
#730=VECTOR('',#2420,10.);
#731=VECTOR('',#2425,10.);
#732=VECTOR('',#2428,10.);
#733=VECTOR('',#2429,10.);
#734=VECTOR('',#2434,10.);
#735=VECTOR('',#2437,10.);
#736=VECTOR('',#2438,10.);
#737=VECTOR('',#2443,10.);
#738=VECTOR('',#2446,10.);
#739=VERTEX_POINT('',#2456);
#740=VERTEX_POINT('',#2457);
#741=VERTEX_POINT('',#2459);
#742=VERTEX_POINT('',#2461);
#743=VERTEX_POINT('',#2465);
#744=VERTEX_POINT('',#2466);
#745=VERTEX_POINT('',#2468);
#746=VERTEX_POINT('',#2470);
#747=VERTEX_POINT('',#2475);
#748=VERTEX_POINT('',#2477);
#749=VERTEX_POINT('',#2479);
#750=VERTEX_POINT('',#2481);
#751=VERTEX_POINT('',#2485);
#752=VERTEX_POINT('',#2487);
#753=VERTEX_POINT('',#2491);
#754=VERTEX_POINT('',#2493);
#755=VERTEX_POINT('',#2495);
#756=VERTEX_POINT('',#2497);
#757=VERTEX_POINT('',#2501);
#758=VERTEX_POINT('',#2503);
#759=VERTEX_POINT('',#2505);
#760=VERTEX_POINT('',#2507);
#761=VERTEX_POINT('',#2511);
#762=VERTEX_POINT('',#2513);
#763=VERTEX_POINT('',#2515);
#764=VERTEX_POINT('',#2517);
#765=VERTEX_POINT('',#2520);
#766=VERTEX_POINT('',#2522);
#767=VERTEX_POINT('',#2524);
#768=VERTEX_POINT('',#2526);
#769=VERTEX_POINT('',#2528);
#770=VERTEX_POINT('',#2530);
#771=VERTEX_POINT('',#2532);
#772=VERTEX_POINT('',#2534);
#773=VERTEX_POINT('',#2537);
#774=VERTEX_POINT('',#2539);
#775=VERTEX_POINT('',#2541);
#776=VERTEX_POINT('',#2543);
#777=VERTEX_POINT('',#2545);
#778=VERTEX_POINT('',#2547);
#779=VERTEX_POINT('',#2549);
#780=VERTEX_POINT('',#2551);
#781=VERTEX_POINT('',#2553);
#782=VERTEX_POINT('',#2555);
#783=VERTEX_POINT('',#2558);
#784=VERTEX_POINT('',#2560);
#785=VERTEX_POINT('',#2564);
#786=VERTEX_POINT('',#2568);
#787=VERTEX_POINT('',#2572);
#788=VERTEX_POINT('',#2576);
#789=VERTEX_POINT('',#2579);
#790=VERTEX_POINT('',#2583);
#791=VERTEX_POINT('',#2586);
#792=VERTEX_POINT('',#2590);
#793=VERTEX_POINT('',#2593);
#794=VERTEX_POINT('',#2597);
#795=VERTEX_POINT('',#2600);
#796=VERTEX_POINT('',#2604);
#797=VERTEX_POINT('',#2607);
#798=VERTEX_POINT('',#2611);
#799=VERTEX_POINT('',#2614);
#800=VERTEX_POINT('',#2618);
#801=VERTEX_POINT('',#2621);
#802=VERTEX_POINT('',#2625);
#803=VERTEX_POINT('',#2628);
#804=VERTEX_POINT('',#2632);
#805=VERTEX_POINT('',#2635);
#806=VERTEX_POINT('',#2639);
#807=VERTEX_POINT('',#2642);
#808=VERTEX_POINT('',#2643);
#809=VERTEX_POINT('',#2645);
#810=VERTEX_POINT('',#2647);
#811=VERTEX_POINT('',#2680);
#812=VERTEX_POINT('',#2681);
#813=VERTEX_POINT('',#2686);
#814=VERTEX_POINT('',#2687);
#815=VERTEX_POINT('',#2721);
#816=VERTEX_POINT('',#2722);
#817=VERTEX_POINT('',#2727);
#818=VERTEX_POINT('',#2728);
#819=VERTEX_POINT('',#2768);
#820=VERTEX_POINT('',#2769);
#821=VERTEX_POINT('',#2774);
#822=VERTEX_POINT('',#2775);
#823=VERTEX_POINT('',#2827);
#824=VERTEX_POINT('',#2829);
#825=VERTEX_POINT('',#2831);
#826=VERTEX_POINT('',#2833);
#827=VERTEX_POINT('',#2835);
#828=VERTEX_POINT('',#2837);
#829=VERTEX_POINT('',#2839);
#830=VERTEX_POINT('',#2841);
#831=VERTEX_POINT('',#2843);
#832=VERTEX_POINT('',#2845);
#833=VERTEX_POINT('',#2855);
#834=VERTEX_POINT('',#2857);
#835=VERTEX_POINT('',#2859);
#836=VERTEX_POINT('',#2869);
#837=VERTEX_POINT('',#2871);
#838=VERTEX_POINT('',#2875);
#839=VERTEX_POINT('',#2905);
#840=VERTEX_POINT('',#2906);
#841=VERTEX_POINT('',#2908);
#842=VERTEX_POINT('',#2910);
#843=VERTEX_POINT('',#2914);
#844=VERTEX_POINT('',#2916);
#845=VERTEX_POINT('',#2920);
#846=VERTEX_POINT('',#2924);
#847=VERTEX_POINT('',#2928);
#848=VERTEX_POINT('',#2930);
#849=VERTEX_POINT('',#2932);
#850=VERTEX_POINT('',#2934);
#851=VERTEX_POINT('',#2936);
#852=VERTEX_POINT('',#2938);
#853=VERTEX_POINT('',#2940);
#854=VERTEX_POINT('',#2942);
#855=VERTEX_POINT('',#2945);
#856=VERTEX_POINT('',#2946);
#857=VERTEX_POINT('',#2948);
#858=VERTEX_POINT('',#2950);
#859=VERTEX_POINT('',#2953);
#860=VERTEX_POINT('',#2955);
#861=VERTEX_POINT('',#2957);
#862=VERTEX_POINT('',#2959);
#863=VERTEX_POINT('',#2961);
#864=VERTEX_POINT('',#2963);
#865=VERTEX_POINT('',#2965);
#866=VERTEX_POINT('',#2967);
#867=VERTEX_POINT('',#2969);
#868=VERTEX_POINT('',#2971);
#869=VERTEX_POINT('',#2974);
#870=VERTEX_POINT('',#2976);
#871=VERTEX_POINT('',#2980);
#872=VERTEX_POINT('',#2984);
#873=VERTEX_POINT('',#2990);
#874=VERTEX_POINT('',#2994);
#875=VERTEX_POINT('',#2998);
#876=VERTEX_POINT('',#3002);
#877=VERTEX_POINT('',#3006);
#878=VERTEX_POINT('',#3010);
#879=VERTEX_POINT('',#3014);
#880=VERTEX_POINT('',#3018);
#881=VERTEX_POINT('',#3022);
#882=VERTEX_POINT('',#3026);
#883=VERTEX_POINT('',#3030);
#884=VERTEX_POINT('',#3032);
#885=VERTEX_POINT('',#3036);
#886=VERTEX_POINT('',#3040);
#887=VERTEX_POINT('',#3044);
#888=VERTEX_POINT('',#3048);
#889=VERTEX_POINT('',#3052);
#890=VERTEX_POINT('',#3056);
#891=EDGE_CURVE('',#739,#740,#459,.T.);
#892=EDGE_CURVE('',#741,#739,#460,.T.);
#893=EDGE_CURVE('',#742,#741,#461,.T.);
#894=EDGE_CURVE('',#740,#742,#462,.T.);
#895=EDGE_CURVE('',#743,#744,#101,.T.);
#896=EDGE_CURVE('',#744,#745,#463,.T.);
#897=EDGE_CURVE('',#745,#746,#102,.T.);
#898=EDGE_CURVE('',#746,#743,#464,.T.);
#899=EDGE_CURVE('',#742,#744,#465,.T.);
#900=EDGE_CURVE('',#747,#741,#466,.T.);
#901=EDGE_CURVE('',#748,#747,#467,.T.);
#902=EDGE_CURVE('',#749,#748,#468,.T.);
#903=EDGE_CURVE('',#750,#749,#469,.T.);
#904=EDGE_CURVE('',#745,#750,#470,.T.);
#905=EDGE_CURVE('',#749,#751,#103,.T.);
#906=EDGE_CURVE('',#751,#752,#471,.T.);
#907=EDGE_CURVE('',#752,#750,#104,.T.);
#908=EDGE_CURVE('',#753,#751,#472,.T.);
#909=EDGE_CURVE('',#754,#753,#473,.T.);
#910=EDGE_CURVE('',#755,#754,#474,.T.);
#911=EDGE_CURVE('',#756,#755,#475,.T.);
#912=EDGE_CURVE('',#752,#756,#476,.T.);
#913=EDGE_CURVE('',#757,#746,#477,.T.);
#914=EDGE_CURVE('',#758,#757,#478,.T.);
#915=EDGE_CURVE('',#759,#758,#479,.T.);
#916=EDGE_CURVE('',#760,#759,#480,.T.);
#917=EDGE_CURVE('',#743,#760,#481,.T.);
#918=EDGE_CURVE('',#755,#761,#482,.T.);
#919=EDGE_CURVE('',#761,#762,#483,.T.);
#920=EDGE_CURVE('',#762,#763,#484,.T.);
#921=EDGE_CURVE('',#763,#764,#485,.T.);
#922=EDGE_CURVE('',#764,#758,#486,.T.);
#923=EDGE_CURVE('',#765,#757,#487,.T.);
#924=EDGE_CURVE('',#766,#765,#105,.T.);
#925=EDGE_CURVE('',#767,#766,#488,.T.);
#926=EDGE_CURVE('',#768,#767,#106,.T.);
#927=EDGE_CURVE('',#769,#768,#489,.T.);
#928=EDGE_CURVE('',#770,#769,#107,.T.);
#929=EDGE_CURVE('',#771,#770,#490,.T.);
#930=EDGE_CURVE('',#772,#771,#108,.T.);
#931=EDGE_CURVE('',#756,#772,#491,.T.);
#932=EDGE_CURVE('',#773,#773,#109,.T.);
#933=EDGE_CURVE('',#774,#774,#110,.T.);
#934=EDGE_CURVE('',#775,#775,#111,.T.);
#935=EDGE_CURVE('',#776,#776,#112,.T.);
#936=EDGE_CURVE('',#777,#777,#113,.T.);
#937=EDGE_CURVE('',#778,#778,#114,.T.);
#938=EDGE_CURVE('',#779,#779,#115,.T.);
#939=EDGE_CURVE('',#780,#780,#116,.T.);
#940=EDGE_CURVE('',#781,#781,#117,.T.);
#941=EDGE_CURVE('',#782,#782,#118,.T.);
#942=EDGE_CURVE('',#783,#760,#492,.T.);
#943=EDGE_CURVE('',#783,#784,#493,.T.);
#944=EDGE_CURVE('',#784,#740,#494,.T.);
#945=EDGE_CURVE('',#785,#748,#495,.T.);
#946=EDGE_CURVE('',#753,#785,#496,.T.);
#947=EDGE_CURVE('',#764,#786,#497,.T.);
#948=EDGE_CURVE('',#786,#759,#498,.T.);
#949=EDGE_CURVE('',#782,#787,#499,.T.);
#950=EDGE_CURVE('',#787,#787,#119,.T.);
#951=EDGE_CURVE('',#788,#788,#120,.T.);
#952=EDGE_CURVE('',#781,#789,#500,.T.);
#953=EDGE_CURVE('',#789,#789,#121,.T.);
#954=EDGE_CURVE('',#790,#790,#122,.T.);
#955=EDGE_CURVE('',#780,#791,#501,.T.);
#956=EDGE_CURVE('',#791,#791,#123,.T.);
#957=EDGE_CURVE('',#792,#792,#124,.T.);
#958=EDGE_CURVE('',#779,#793,#502,.T.);
#959=EDGE_CURVE('',#793,#793,#125,.T.);
#960=EDGE_CURVE('',#794,#794,#126,.T.);
#961=EDGE_CURVE('',#778,#795,#503,.T.);
#962=EDGE_CURVE('',#795,#795,#127,.T.);
#963=EDGE_CURVE('',#796,#796,#128,.T.);
#964=EDGE_CURVE('',#777,#797,#504,.T.);
#965=EDGE_CURVE('',#797,#797,#129,.T.);
#966=EDGE_CURVE('',#798,#798,#130,.T.);
#967=EDGE_CURVE('',#776,#799,#505,.T.);
#968=EDGE_CURVE('',#799,#799,#131,.T.);
#969=EDGE_CURVE('',#800,#800,#132,.T.);
#970=EDGE_CURVE('',#775,#801,#506,.T.);
#971=EDGE_CURVE('',#801,#801,#133,.T.);
#972=EDGE_CURVE('',#802,#802,#134,.T.);
#973=EDGE_CURVE('',#774,#803,#507,.T.);
#974=EDGE_CURVE('',#803,#803,#135,.T.);
#975=EDGE_CURVE('',#804,#804,#136,.T.);
#976=EDGE_CURVE('',#773,#805,#508,.T.);
#977=EDGE_CURVE('',#805,#805,#137,.T.);
#978=EDGE_CURVE('',#806,#806,#138,.T.);
#979=EDGE_CURVE('',#807,#808,#139,.T.);
#980=EDGE_CURVE('',#808,#809,#509,.T.);
#981=EDGE_CURVE('',#809,#810,#140,.T.);
#982=EDGE_CURVE('',#810,#807,#510,.T.);
#983=EDGE_CURVE('',#811,#812,#141,.T.);
#984=EDGE_CURVE('',#812,#810,#27,.T.);
#985=EDGE_CURVE('',#809,#811,#28,.T.);
#986=EDGE_CURVE('',#813,#814,#142,.T.);
#987=EDGE_CURVE('',#814,#812,#511,.T.);
#988=EDGE_CURVE('',#811,#813,#512,.T.);
#989=EDGE_CURVE('',#815,#816,#143,.T.);
#990=EDGE_CURVE('',#816,#814,#29,.T.);
#991=EDGE_CURVE('',#813,#815,#30,.T.);
#992=EDGE_CURVE('',#817,#818,#144,.T.);
#993=EDGE_CURVE('',#818,#816,#513,.T.);
#994=EDGE_CURVE('',#815,#817,#514,.T.);
#995=EDGE_CURVE('',#819,#820,#145,.T.);
#996=EDGE_CURVE('',#820,#818,#31,.T.);
#997=EDGE_CURVE('',#817,#819,#32,.T.);
#998=EDGE_CURVE('',#821,#822,#146,.T.);
#999=EDGE_CURVE('',#822,#820,#515,.T.);
#1000=EDGE_CURVE('',#819,#821,#516,.T.);
#1001=EDGE_CURVE('',#807,#822,#33,.T.);
#1002=EDGE_CURVE('',#821,#808,#34,.T.);
#1003=EDGE_CURVE('',#770,#820,#517,.T.);
#1004=EDGE_CURVE('',#769,#818,#518,.T.);
#1005=EDGE_CURVE('',#771,#822,#519,.T.);
#1006=EDGE_CURVE('',#772,#807,#520,.T.);
#1007=EDGE_CURVE('',#765,#810,#521,.T.);
#1008=EDGE_CURVE('',#823,#823,#35,.T.);
#1009=EDGE_CURVE('',#824,#824,#36,.T.);
#1010=EDGE_CURVE('',#825,#825,#37,.T.);
#1011=EDGE_CURVE('',#826,#826,#38,.T.);
#1012=EDGE_CURVE('',#827,#827,#39,.T.);
#1013=EDGE_CURVE('',#828,#828,#40,.T.);
#1014=EDGE_CURVE('',#829,#829,#41,.T.);
#1015=EDGE_CURVE('',#830,#830,#42,.T.);
#1016=EDGE_CURVE('',#831,#831,#43,.T.);
#1017=EDGE_CURVE('',#832,#832,#44,.T.);
#1018=EDGE_CURVE('',#768,#816,#522,.T.);
#1019=EDGE_CURVE('',#767,#814,#523,.T.);
#1020=EDGE_CURVE('',#766,#812,#524,.T.);
#1021=EDGE_CURVE('',#739,#833,#525,.T.);
#1022=EDGE_CURVE('',#834,#833,#526,.T.);
#1023=EDGE_CURVE('',#835,#834,#527,.T.);
#1024=EDGE_CURVE('',#835,#747,#528,.T.);
#1025=EDGE_CURVE('',#833,#784,#529,.T.);
#1026=EDGE_CURVE('',#785,#835,#530,.T.);
#1027=EDGE_CURVE('',#834,#783,#531,.T.);
#1028=EDGE_CURVE('',#762,#836,#532,.T.);
#1029=EDGE_CURVE('',#836,#837,#533,.T.);
#1030=EDGE_CURVE('',#763,#837,#534,.T.);
#1031=EDGE_CURVE('',#761,#838,#535,.T.);
#1032=EDGE_CURVE('',#838,#836,#536,.T.);
#1033=EDGE_CURVE('',#754,#838,#537,.T.);
#1034=EDGE_CURVE('',#837,#786,#538,.T.);
#1035=EDGE_CURVE('',#804,#823,#539,.T.);
#1036=EDGE_CURVE('',#802,#824,#540,.T.);
#1037=EDGE_CURVE('',#792,#825,#541,.T.);
#1038=EDGE_CURVE('',#800,#826,#542,.T.);
#1039=EDGE_CURVE('',#798,#827,#543,.T.);
#1040=EDGE_CURVE('',#794,#828,#544,.T.);
#1041=EDGE_CURVE('',#796,#829,#545,.T.);
#1042=EDGE_CURVE('',#806,#830,#546,.T.);
#1043=EDGE_CURVE('',#790,#831,#547,.T.);
#1044=EDGE_CURVE('',#788,#832,#548,.T.);
#1045=EDGE_CURVE('',#839,#840,#549,.T.);
#1046=EDGE_CURVE('',#841,#839,#550,.T.);
#1047=EDGE_CURVE('',#842,#841,#551,.T.);
#1048=EDGE_CURVE('',#840,#842,#552,.T.);
#1049=EDGE_CURVE('',#839,#843,#553,.T.);
#1050=EDGE_CURVE('',#843,#844,#554,.T.);
#1051=EDGE_CURVE('',#844,#841,#555,.T.);
#1052=EDGE_CURVE('',#845,#840,#556,.T.);
#1053=EDGE_CURVE('',#845,#843,#557,.T.);
#1054=EDGE_CURVE('',#846,#845,#558,.T.);
#1055=EDGE_CURVE('',#844,#846,#559,.T.);
#1056=EDGE_CURVE('',#842,#847,#560,.T.);
#1057=EDGE_CURVE('',#847,#848,#147,.T.);
#1058=EDGE_CURVE('',#848,#849,#561,.T.);
#1059=EDGE_CURVE('',#849,#850,#148,.T.);
#1060=EDGE_CURVE('',#850,#851,#562,.T.);
#1061=EDGE_CURVE('',#851,#852,#149,.T.);
#1062=EDGE_CURVE('',#852,#853,#563,.T.);
#1063=EDGE_CURVE('',#853,#854,#150,.T.);
#1064=EDGE_CURVE('',#854,#846,#564,.T.);
#1065=EDGE_CURVE('',#855,#856,#565,.T.);
#1066=EDGE_CURVE('',#857,#855,#566,.T.);
#1067=EDGE_CURVE('',#858,#857,#567,.T.);
#1068=EDGE_CURVE('',#856,#858,#568,.T.);
#1069=EDGE_CURVE('',#859,#859,#151,.T.);
#1070=EDGE_CURVE('',#860,#860,#152,.T.);
#1071=EDGE_CURVE('',#861,#861,#153,.T.);
#1072=EDGE_CURVE('',#862,#862,#154,.T.);
#1073=EDGE_CURVE('',#863,#863,#155,.T.);
#1074=EDGE_CURVE('',#864,#864,#156,.T.);
#1075=EDGE_CURVE('',#865,#865,#157,.T.);
#1076=EDGE_CURVE('',#866,#866,#158,.T.);
#1077=EDGE_CURVE('',#867,#867,#159,.T.);
#1078=EDGE_CURVE('',#868,#868,#160,.T.);
#1079=EDGE_CURVE('',#857,#869,#569,.T.);
#1080=EDGE_CURVE('',#870,#869,#570,.T.);
#1081=EDGE_CURVE('',#858,#870,#571,.T.);
#1082=EDGE_CURVE('',#871,#870,#572,.T.);
#1083=EDGE_CURVE('',#856,#871,#573,.T.);
#1084=EDGE_CURVE('',#872,#871,#574,.T.);
#1085=EDGE_CURVE('',#855,#872,#575,.T.);
#1086=EDGE_CURVE('',#869,#872,#576,.T.);
#1087=EDGE_CURVE('',#873,#873,#161,.T.);
#1088=EDGE_CURVE('',#873,#859,#577,.T.);
#1089=EDGE_CURVE('',#874,#874,#162,.T.);
#1090=EDGE_CURVE('',#874,#860,#578,.T.);
#1091=EDGE_CURVE('',#875,#875,#163,.T.);
#1092=EDGE_CURVE('',#875,#861,#579,.T.);
#1093=EDGE_CURVE('',#876,#876,#164,.T.);
#1094=EDGE_CURVE('',#876,#862,#580,.T.);
#1095=EDGE_CURVE('',#877,#877,#165,.T.);
#1096=EDGE_CURVE('',#877,#863,#581,.T.);
#1097=EDGE_CURVE('',#878,#878,#166,.T.);
#1098=EDGE_CURVE('',#878,#864,#582,.T.);
#1099=EDGE_CURVE('',#879,#879,#167,.T.);
#1100=EDGE_CURVE('',#879,#865,#583,.T.);
#1101=EDGE_CURVE('',#880,#880,#168,.T.);
#1102=EDGE_CURVE('',#880,#866,#584,.T.);
#1103=EDGE_CURVE('',#881,#881,#169,.T.);
#1104=EDGE_CURVE('',#881,#867,#585,.T.);
#1105=EDGE_CURVE('',#882,#882,#170,.T.);
#1106=EDGE_CURVE('',#882,#868,#586,.T.);
#1107=EDGE_CURVE('',#853,#883,#587,.T.);
#1108=EDGE_CURVE('',#884,#883,#171,.T.);
#1109=EDGE_CURVE('',#854,#884,#588,.T.);
#1110=EDGE_CURVE('',#885,#884,#589,.T.);
#1111=EDGE_CURVE('',#847,#885,#590,.T.);
#1112=EDGE_CURVE('',#886,#885,#172,.T.);
#1113=EDGE_CURVE('',#848,#886,#591,.T.);
#1114=EDGE_CURVE('',#887,#886,#592,.T.);
#1115=EDGE_CURVE('',#849,#887,#593,.T.);
#1116=EDGE_CURVE('',#888,#887,#173,.T.);
#1117=EDGE_CURVE('',#850,#888,#594,.T.);
#1118=EDGE_CURVE('',#889,#888,#595,.T.);
#1119=EDGE_CURVE('',#851,#889,#596,.T.);
#1120=EDGE_CURVE('',#890,#889,#174,.T.);
#1121=EDGE_CURVE('',#852,#890,#597,.T.);
#1122=EDGE_CURVE('',#883,#890,#598,.T.);
#1123=ORIENTED_EDGE('',*,*,#891,.F.);
#1124=ORIENTED_EDGE('',*,*,#892,.F.);
#1125=ORIENTED_EDGE('',*,*,#893,.F.);
#1126=ORIENTED_EDGE('',*,*,#894,.F.);
#1127=ORIENTED_EDGE('',*,*,#895,.T.);
#1128=ORIENTED_EDGE('',*,*,#896,.T.);
#1129=ORIENTED_EDGE('',*,*,#897,.T.);
#1130=ORIENTED_EDGE('',*,*,#898,.T.);
#1131=ORIENTED_EDGE('',*,*,#896,.F.);
#1132=ORIENTED_EDGE('',*,*,#899,.F.);
#1133=ORIENTED_EDGE('',*,*,#893,.T.);
#1134=ORIENTED_EDGE('',*,*,#900,.F.);
#1135=ORIENTED_EDGE('',*,*,#901,.F.);
#1136=ORIENTED_EDGE('',*,*,#902,.F.);
#1137=ORIENTED_EDGE('',*,*,#903,.F.);
#1138=ORIENTED_EDGE('',*,*,#904,.F.);
#1139=ORIENTED_EDGE('',*,*,#905,.T.);
#1140=ORIENTED_EDGE('',*,*,#906,.T.);
#1141=ORIENTED_EDGE('',*,*,#907,.T.);
#1142=ORIENTED_EDGE('',*,*,#903,.T.);
#1143=ORIENTED_EDGE('',*,*,#906,.F.);
#1144=ORIENTED_EDGE('',*,*,#908,.F.);
#1145=ORIENTED_EDGE('',*,*,#909,.F.);
#1146=ORIENTED_EDGE('',*,*,#910,.F.);
#1147=ORIENTED_EDGE('',*,*,#911,.F.);
#1148=ORIENTED_EDGE('',*,*,#912,.F.);
#1149=ORIENTED_EDGE('',*,*,#898,.F.);
#1150=ORIENTED_EDGE('',*,*,#913,.F.);
#1151=ORIENTED_EDGE('',*,*,#914,.F.);
#1152=ORIENTED_EDGE('',*,*,#915,.F.);
#1153=ORIENTED_EDGE('',*,*,#916,.F.);
#1154=ORIENTED_EDGE('',*,*,#917,.F.);
#1155=ORIENTED_EDGE('',*,*,#911,.T.);
#1156=ORIENTED_EDGE('',*,*,#918,.T.);
#1157=ORIENTED_EDGE('',*,*,#919,.T.);
#1158=ORIENTED_EDGE('',*,*,#920,.T.);
#1159=ORIENTED_EDGE('',*,*,#921,.T.);
#1160=ORIENTED_EDGE('',*,*,#922,.T.);
#1161=ORIENTED_EDGE('',*,*,#914,.T.);
#1162=ORIENTED_EDGE('',*,*,#923,.F.);
#1163=ORIENTED_EDGE('',*,*,#924,.F.);
#1164=ORIENTED_EDGE('',*,*,#925,.F.);
#1165=ORIENTED_EDGE('',*,*,#926,.F.);
#1166=ORIENTED_EDGE('',*,*,#927,.F.);
#1167=ORIENTED_EDGE('',*,*,#928,.F.);
#1168=ORIENTED_EDGE('',*,*,#929,.F.);
#1169=ORIENTED_EDGE('',*,*,#930,.F.);
#1170=ORIENTED_EDGE('',*,*,#931,.F.);
#1171=ORIENTED_EDGE('',*,*,#932,.T.);
#1172=ORIENTED_EDGE('',*,*,#933,.T.);
#1173=ORIENTED_EDGE('',*,*,#934,.T.);
#1174=ORIENTED_EDGE('',*,*,#935,.T.);
#1175=ORIENTED_EDGE('',*,*,#936,.T.);
#1176=ORIENTED_EDGE('',*,*,#937,.T.);
#1177=ORIENTED_EDGE('',*,*,#938,.T.);
#1178=ORIENTED_EDGE('',*,*,#939,.T.);
#1179=ORIENTED_EDGE('',*,*,#940,.T.);
#1180=ORIENTED_EDGE('',*,*,#941,.T.);
#1181=ORIENTED_EDGE('',*,*,#917,.T.);
#1182=ORIENTED_EDGE('',*,*,#942,.F.);
#1183=ORIENTED_EDGE('',*,*,#943,.T.);
#1184=ORIENTED_EDGE('',*,*,#944,.T.);
#1185=ORIENTED_EDGE('',*,*,#894,.T.);
#1186=ORIENTED_EDGE('',*,*,#899,.T.);
#1187=ORIENTED_EDGE('',*,*,#895,.F.);
#1188=ORIENTED_EDGE('',*,*,#908,.T.);
#1189=ORIENTED_EDGE('',*,*,#905,.F.);
#1190=ORIENTED_EDGE('',*,*,#902,.T.);
#1191=ORIENTED_EDGE('',*,*,#945,.F.);
#1192=ORIENTED_EDGE('',*,*,#946,.F.);
#1193=ORIENTED_EDGE('',*,*,#915,.T.);
#1194=ORIENTED_EDGE('',*,*,#922,.F.);
#1195=ORIENTED_EDGE('',*,*,#947,.T.);
#1196=ORIENTED_EDGE('',*,*,#948,.T.);
#1197=ORIENTED_EDGE('',*,*,#941,.F.);
#1198=ORIENTED_EDGE('',*,*,#949,.T.);
#1199=ORIENTED_EDGE('',*,*,#950,.T.);
#1200=ORIENTED_EDGE('',*,*,#949,.F.);
#1201=ORIENTED_EDGE('',*,*,#950,.F.);
#1202=ORIENTED_EDGE('',*,*,#951,.F.);
#1203=ORIENTED_EDGE('',*,*,#940,.F.);
#1204=ORIENTED_EDGE('',*,*,#952,.T.);
#1205=ORIENTED_EDGE('',*,*,#953,.T.);
#1206=ORIENTED_EDGE('',*,*,#952,.F.);
#1207=ORIENTED_EDGE('',*,*,#953,.F.);
#1208=ORIENTED_EDGE('',*,*,#954,.F.);
#1209=ORIENTED_EDGE('',*,*,#939,.F.);
#1210=ORIENTED_EDGE('',*,*,#955,.T.);
#1211=ORIENTED_EDGE('',*,*,#956,.T.);
#1212=ORIENTED_EDGE('',*,*,#955,.F.);
#1213=ORIENTED_EDGE('',*,*,#956,.F.);
#1214=ORIENTED_EDGE('',*,*,#957,.F.);
#1215=ORIENTED_EDGE('',*,*,#938,.F.);
#1216=ORIENTED_EDGE('',*,*,#958,.T.);
#1217=ORIENTED_EDGE('',*,*,#959,.T.);
#1218=ORIENTED_EDGE('',*,*,#958,.F.);
#1219=ORIENTED_EDGE('',*,*,#959,.F.);
#1220=ORIENTED_EDGE('',*,*,#960,.F.);
#1221=ORIENTED_EDGE('',*,*,#937,.F.);
#1222=ORIENTED_EDGE('',*,*,#961,.T.);
#1223=ORIENTED_EDGE('',*,*,#962,.T.);
#1224=ORIENTED_EDGE('',*,*,#961,.F.);
#1225=ORIENTED_EDGE('',*,*,#962,.F.);
#1226=ORIENTED_EDGE('',*,*,#963,.F.);
#1227=ORIENTED_EDGE('',*,*,#936,.F.);
#1228=ORIENTED_EDGE('',*,*,#964,.T.);
#1229=ORIENTED_EDGE('',*,*,#965,.T.);
#1230=ORIENTED_EDGE('',*,*,#964,.F.);
#1231=ORIENTED_EDGE('',*,*,#965,.F.);
#1232=ORIENTED_EDGE('',*,*,#966,.F.);
#1233=ORIENTED_EDGE('',*,*,#935,.F.);
#1234=ORIENTED_EDGE('',*,*,#967,.T.);
#1235=ORIENTED_EDGE('',*,*,#968,.T.);
#1236=ORIENTED_EDGE('',*,*,#967,.F.);
#1237=ORIENTED_EDGE('',*,*,#968,.F.);
#1238=ORIENTED_EDGE('',*,*,#969,.F.);
#1239=ORIENTED_EDGE('',*,*,#934,.F.);
#1240=ORIENTED_EDGE('',*,*,#970,.T.);
#1241=ORIENTED_EDGE('',*,*,#971,.T.);
#1242=ORIENTED_EDGE('',*,*,#970,.F.);
#1243=ORIENTED_EDGE('',*,*,#971,.F.);
#1244=ORIENTED_EDGE('',*,*,#972,.F.);
#1245=ORIENTED_EDGE('',*,*,#933,.F.);
#1246=ORIENTED_EDGE('',*,*,#973,.T.);
#1247=ORIENTED_EDGE('',*,*,#974,.T.);
#1248=ORIENTED_EDGE('',*,*,#973,.F.);
#1249=ORIENTED_EDGE('',*,*,#974,.F.);
#1250=ORIENTED_EDGE('',*,*,#975,.F.);
#1251=ORIENTED_EDGE('',*,*,#932,.F.);
#1252=ORIENTED_EDGE('',*,*,#976,.T.);
#1253=ORIENTED_EDGE('',*,*,#977,.T.);
#1254=ORIENTED_EDGE('',*,*,#976,.F.);
#1255=ORIENTED_EDGE('',*,*,#977,.F.);
#1256=ORIENTED_EDGE('',*,*,#978,.F.);
#1257=ORIENTED_EDGE('',*,*,#979,.T.);
#1258=ORIENTED_EDGE('',*,*,#980,.T.);
#1259=ORIENTED_EDGE('',*,*,#981,.T.);
#1260=ORIENTED_EDGE('',*,*,#982,.T.);
#1261=ORIENTED_EDGE('',*,*,#983,.T.);
#1262=ORIENTED_EDGE('',*,*,#984,.T.);
#1263=ORIENTED_EDGE('',*,*,#981,.F.);
#1264=ORIENTED_EDGE('',*,*,#985,.T.);
#1265=ORIENTED_EDGE('',*,*,#986,.T.);
#1266=ORIENTED_EDGE('',*,*,#987,.T.);
#1267=ORIENTED_EDGE('',*,*,#983,.F.);
#1268=ORIENTED_EDGE('',*,*,#988,.T.);
#1269=ORIENTED_EDGE('',*,*,#989,.T.);
#1270=ORIENTED_EDGE('',*,*,#990,.T.);
#1271=ORIENTED_EDGE('',*,*,#986,.F.);
#1272=ORIENTED_EDGE('',*,*,#991,.T.);
#1273=ORIENTED_EDGE('',*,*,#992,.T.);
#1274=ORIENTED_EDGE('',*,*,#993,.T.);
#1275=ORIENTED_EDGE('',*,*,#989,.F.);
#1276=ORIENTED_EDGE('',*,*,#994,.T.);
#1277=ORIENTED_EDGE('',*,*,#995,.T.);
#1278=ORIENTED_EDGE('',*,*,#996,.T.);
#1279=ORIENTED_EDGE('',*,*,#992,.F.);
#1280=ORIENTED_EDGE('',*,*,#997,.T.);
#1281=ORIENTED_EDGE('',*,*,#998,.T.);
#1282=ORIENTED_EDGE('',*,*,#999,.T.);
#1283=ORIENTED_EDGE('',*,*,#995,.F.);
#1284=ORIENTED_EDGE('',*,*,#1000,.T.);
#1285=ORIENTED_EDGE('',*,*,#979,.F.);
#1286=ORIENTED_EDGE('',*,*,#1001,.T.);
#1287=ORIENTED_EDGE('',*,*,#998,.F.);
#1288=ORIENTED_EDGE('',*,*,#1002,.T.);
#1289=ORIENTED_EDGE('',*,*,#996,.F.);
#1290=ORIENTED_EDGE('',*,*,#1003,.F.);
#1291=ORIENTED_EDGE('',*,*,#928,.T.);
#1292=ORIENTED_EDGE('',*,*,#1004,.T.);
#1293=ORIENTED_EDGE('',*,*,#999,.F.);
#1294=ORIENTED_EDGE('',*,*,#1005,.F.);
#1295=ORIENTED_EDGE('',*,*,#929,.T.);
#1296=ORIENTED_EDGE('',*,*,#1003,.T.);
#1297=ORIENTED_EDGE('',*,*,#1001,.F.);
#1298=ORIENTED_EDGE('',*,*,#1006,.F.);
#1299=ORIENTED_EDGE('',*,*,#930,.T.);
#1300=ORIENTED_EDGE('',*,*,#1005,.T.);
#1301=ORIENTED_EDGE('',*,*,#912,.T.);
#1302=ORIENTED_EDGE('',*,*,#931,.T.);
#1303=ORIENTED_EDGE('',*,*,#1006,.T.);
#1304=ORIENTED_EDGE('',*,*,#982,.F.);
#1305=ORIENTED_EDGE('',*,*,#1007,.F.);
#1306=ORIENTED_EDGE('',*,*,#923,.T.);
#1307=ORIENTED_EDGE('',*,*,#913,.T.);
#1308=ORIENTED_EDGE('',*,*,#897,.F.);
#1309=ORIENTED_EDGE('',*,*,#904,.T.);
#1310=ORIENTED_EDGE('',*,*,#907,.F.);
#1311=ORIENTED_EDGE('',*,*,#980,.F.);
#1312=ORIENTED_EDGE('',*,*,#1002,.F.);
#1313=ORIENTED_EDGE('',*,*,#1000,.F.);
#1314=ORIENTED_EDGE('',*,*,#997,.F.);
#1315=ORIENTED_EDGE('',*,*,#994,.F.);
#1316=ORIENTED_EDGE('',*,*,#991,.F.);
#1317=ORIENTED_EDGE('',*,*,#988,.F.);
#1318=ORIENTED_EDGE('',*,*,#985,.F.);
#1319=ORIENTED_EDGE('',*,*,#1008,.F.);
#1320=ORIENTED_EDGE('',*,*,#1009,.F.);
#1321=ORIENTED_EDGE('',*,*,#1010,.F.);
#1322=ORIENTED_EDGE('',*,*,#1011,.F.);
#1323=ORIENTED_EDGE('',*,*,#1012,.F.);
#1324=ORIENTED_EDGE('',*,*,#1013,.F.);
#1325=ORIENTED_EDGE('',*,*,#1014,.F.);
#1326=ORIENTED_EDGE('',*,*,#1015,.F.);
#1327=ORIENTED_EDGE('',*,*,#1016,.F.);
#1328=ORIENTED_EDGE('',*,*,#1017,.F.);
#1329=ORIENTED_EDGE('',*,*,#990,.F.);
#1330=ORIENTED_EDGE('',*,*,#1018,.F.);
#1331=ORIENTED_EDGE('',*,*,#926,.T.);
#1332=ORIENTED_EDGE('',*,*,#1019,.T.);
#1333=ORIENTED_EDGE('',*,*,#993,.F.);
#1334=ORIENTED_EDGE('',*,*,#1004,.F.);
#1335=ORIENTED_EDGE('',*,*,#927,.T.);
#1336=ORIENTED_EDGE('',*,*,#1018,.T.);
#1337=ORIENTED_EDGE('',*,*,#984,.F.);
#1338=ORIENTED_EDGE('',*,*,#1020,.F.);
#1339=ORIENTED_EDGE('',*,*,#924,.T.);
#1340=ORIENTED_EDGE('',*,*,#1007,.T.);
#1341=ORIENTED_EDGE('',*,*,#987,.F.);
#1342=ORIENTED_EDGE('',*,*,#1019,.F.);
#1343=ORIENTED_EDGE('',*,*,#925,.T.);
#1344=ORIENTED_EDGE('',*,*,#1020,.T.);
#1345=ORIENTED_EDGE('',*,*,#1021,.T.);
#1346=ORIENTED_EDGE('',*,*,#1022,.F.);
#1347=ORIENTED_EDGE('',*,*,#1023,.F.);
#1348=ORIENTED_EDGE('',*,*,#1024,.T.);
#1349=ORIENTED_EDGE('',*,*,#900,.T.);
#1350=ORIENTED_EDGE('',*,*,#892,.T.);
#1351=ORIENTED_EDGE('',*,*,#891,.T.);
#1352=ORIENTED_EDGE('',*,*,#944,.F.);
#1353=ORIENTED_EDGE('',*,*,#1025,.F.);
#1354=ORIENTED_EDGE('',*,*,#1021,.F.);
#1355=ORIENTED_EDGE('',*,*,#1026,.F.);
#1356=ORIENTED_EDGE('',*,*,#945,.T.);
#1357=ORIENTED_EDGE('',*,*,#901,.T.);
#1358=ORIENTED_EDGE('',*,*,#1024,.F.);
#1359=ORIENTED_EDGE('',*,*,#1027,.F.);
#1360=ORIENTED_EDGE('',*,*,#1022,.T.);
#1361=ORIENTED_EDGE('',*,*,#1025,.T.);
#1362=ORIENTED_EDGE('',*,*,#943,.F.);
#1363=ORIENTED_EDGE('',*,*,#920,.F.);
#1364=ORIENTED_EDGE('',*,*,#1028,.T.);
#1365=ORIENTED_EDGE('',*,*,#1029,.T.);
#1366=ORIENTED_EDGE('',*,*,#1030,.F.);
#1367=ORIENTED_EDGE('',*,*,#919,.F.);
#1368=ORIENTED_EDGE('',*,*,#1031,.T.);
#1369=ORIENTED_EDGE('',*,*,#1032,.T.);
#1370=ORIENTED_EDGE('',*,*,#1028,.F.);
#1371=ORIENTED_EDGE('',*,*,#910,.T.);
#1372=ORIENTED_EDGE('',*,*,#1033,.T.);
#1373=ORIENTED_EDGE('',*,*,#1031,.F.);
#1374=ORIENTED_EDGE('',*,*,#918,.F.);
#1375=ORIENTED_EDGE('',*,*,#921,.F.);
#1376=ORIENTED_EDGE('',*,*,#1030,.T.);
#1377=ORIENTED_EDGE('',*,*,#1034,.T.);
#1378=ORIENTED_EDGE('',*,*,#947,.F.);
#1379=ORIENTED_EDGE('',*,*,#909,.T.);
#1380=ORIENTED_EDGE('',*,*,#946,.T.);
#1381=ORIENTED_EDGE('',*,*,#1026,.T.);
#1382=ORIENTED_EDGE('',*,*,#1023,.T.);
#1383=ORIENTED_EDGE('',*,*,#1027,.T.);
#1384=ORIENTED_EDGE('',*,*,#942,.T.);
#1385=ORIENTED_EDGE('',*,*,#916,.T.);
#1386=ORIENTED_EDGE('',*,*,#948,.F.);
#1387=ORIENTED_EDGE('',*,*,#1034,.F.);
#1388=ORIENTED_EDGE('',*,*,#1029,.F.);
#1389=ORIENTED_EDGE('',*,*,#1032,.F.);
#1390=ORIENTED_EDGE('',*,*,#1033,.F.);
#1391=ORIENTED_EDGE('',*,*,#975,.T.);
#1392=ORIENTED_EDGE('',*,*,#1035,.T.);
#1393=ORIENTED_EDGE('',*,*,#1008,.T.);
#1394=ORIENTED_EDGE('',*,*,#1035,.F.);
#1395=ORIENTED_EDGE('',*,*,#972,.T.);
#1396=ORIENTED_EDGE('',*,*,#1036,.T.);
#1397=ORIENTED_EDGE('',*,*,#1009,.T.);
#1398=ORIENTED_EDGE('',*,*,#1036,.F.);
#1399=ORIENTED_EDGE('',*,*,#957,.T.);
#1400=ORIENTED_EDGE('',*,*,#1037,.T.);
#1401=ORIENTED_EDGE('',*,*,#1010,.T.);
#1402=ORIENTED_EDGE('',*,*,#1037,.F.);
#1403=ORIENTED_EDGE('',*,*,#969,.T.);
#1404=ORIENTED_EDGE('',*,*,#1038,.T.);
#1405=ORIENTED_EDGE('',*,*,#1011,.T.);
#1406=ORIENTED_EDGE('',*,*,#1038,.F.);
#1407=ORIENTED_EDGE('',*,*,#966,.T.);
#1408=ORIENTED_EDGE('',*,*,#1039,.T.);
#1409=ORIENTED_EDGE('',*,*,#1012,.T.);
#1410=ORIENTED_EDGE('',*,*,#1039,.F.);
#1411=ORIENTED_EDGE('',*,*,#960,.T.);
#1412=ORIENTED_EDGE('',*,*,#1040,.T.);
#1413=ORIENTED_EDGE('',*,*,#1013,.T.);
#1414=ORIENTED_EDGE('',*,*,#1040,.F.);
#1415=ORIENTED_EDGE('',*,*,#963,.T.);
#1416=ORIENTED_EDGE('',*,*,#1041,.T.);
#1417=ORIENTED_EDGE('',*,*,#1014,.T.);
#1418=ORIENTED_EDGE('',*,*,#1041,.F.);
#1419=ORIENTED_EDGE('',*,*,#978,.T.);
#1420=ORIENTED_EDGE('',*,*,#1042,.T.);
#1421=ORIENTED_EDGE('',*,*,#1015,.T.);
#1422=ORIENTED_EDGE('',*,*,#1042,.F.);
#1423=ORIENTED_EDGE('',*,*,#954,.T.);
#1424=ORIENTED_EDGE('',*,*,#1043,.T.);
#1425=ORIENTED_EDGE('',*,*,#1016,.T.);
#1426=ORIENTED_EDGE('',*,*,#1043,.F.);
#1427=ORIENTED_EDGE('',*,*,#951,.T.);
#1428=ORIENTED_EDGE('',*,*,#1044,.T.);
#1429=ORIENTED_EDGE('',*,*,#1017,.T.);
#1430=ORIENTED_EDGE('',*,*,#1044,.F.);
#1431=ORIENTED_EDGE('',*,*,#1045,.F.);
#1432=ORIENTED_EDGE('',*,*,#1046,.F.);
#1433=ORIENTED_EDGE('',*,*,#1047,.F.);
#1434=ORIENTED_EDGE('',*,*,#1048,.F.);
#1435=ORIENTED_EDGE('',*,*,#1046,.T.);
#1436=ORIENTED_EDGE('',*,*,#1049,.T.);
#1437=ORIENTED_EDGE('',*,*,#1050,.T.);
#1438=ORIENTED_EDGE('',*,*,#1051,.T.);
#1439=ORIENTED_EDGE('',*,*,#1045,.T.);
#1440=ORIENTED_EDGE('',*,*,#1052,.F.);
#1441=ORIENTED_EDGE('',*,*,#1053,.T.);
#1442=ORIENTED_EDGE('',*,*,#1049,.F.);
#1443=ORIENTED_EDGE('',*,*,#1053,.F.);
#1444=ORIENTED_EDGE('',*,*,#1054,.F.);
#1445=ORIENTED_EDGE('',*,*,#1055,.F.);
#1446=ORIENTED_EDGE('',*,*,#1050,.F.);
#1447=ORIENTED_EDGE('',*,*,#1056,.T.);
#1448=ORIENTED_EDGE('',*,*,#1057,.T.);
#1449=ORIENTED_EDGE('',*,*,#1058,.T.);
#1450=ORIENTED_EDGE('',*,*,#1059,.T.);
#1451=ORIENTED_EDGE('',*,*,#1060,.T.);
#1452=ORIENTED_EDGE('',*,*,#1061,.T.);
#1453=ORIENTED_EDGE('',*,*,#1062,.T.);
#1454=ORIENTED_EDGE('',*,*,#1063,.T.);
#1455=ORIENTED_EDGE('',*,*,#1064,.T.);
#1456=ORIENTED_EDGE('',*,*,#1054,.T.);
#1457=ORIENTED_EDGE('',*,*,#1052,.T.);
#1458=ORIENTED_EDGE('',*,*,#1048,.T.);
#1459=ORIENTED_EDGE('',*,*,#1065,.F.);
#1460=ORIENTED_EDGE('',*,*,#1066,.F.);
#1461=ORIENTED_EDGE('',*,*,#1067,.F.);
#1462=ORIENTED_EDGE('',*,*,#1068,.F.);
#1463=ORIENTED_EDGE('',*,*,#1069,.F.);
#1464=ORIENTED_EDGE('',*,*,#1070,.F.);
#1465=ORIENTED_EDGE('',*,*,#1071,.F.);
#1466=ORIENTED_EDGE('',*,*,#1072,.F.);
#1467=ORIENTED_EDGE('',*,*,#1073,.F.);
#1468=ORIENTED_EDGE('',*,*,#1074,.F.);
#1469=ORIENTED_EDGE('',*,*,#1075,.F.);
#1470=ORIENTED_EDGE('',*,*,#1076,.F.);
#1471=ORIENTED_EDGE('',*,*,#1077,.F.);
#1472=ORIENTED_EDGE('',*,*,#1078,.F.);
#1473=ORIENTED_EDGE('',*,*,#1067,.T.);
#1474=ORIENTED_EDGE('',*,*,#1079,.T.);
#1475=ORIENTED_EDGE('',*,*,#1080,.F.);
#1476=ORIENTED_EDGE('',*,*,#1081,.F.);
#1477=ORIENTED_EDGE('',*,*,#1068,.T.);
#1478=ORIENTED_EDGE('',*,*,#1081,.T.);
#1479=ORIENTED_EDGE('',*,*,#1082,.F.);
#1480=ORIENTED_EDGE('',*,*,#1083,.F.);
#1481=ORIENTED_EDGE('',*,*,#1065,.T.);
#1482=ORIENTED_EDGE('',*,*,#1083,.T.);
#1483=ORIENTED_EDGE('',*,*,#1084,.F.);
#1484=ORIENTED_EDGE('',*,*,#1085,.F.);
#1485=ORIENTED_EDGE('',*,*,#1066,.T.);
#1486=ORIENTED_EDGE('',*,*,#1085,.T.);
#1487=ORIENTED_EDGE('',*,*,#1086,.F.);
#1488=ORIENTED_EDGE('',*,*,#1079,.F.);
#1489=ORIENTED_EDGE('',*,*,#1087,.F.);
#1490=ORIENTED_EDGE('',*,*,#1088,.T.);
#1491=ORIENTED_EDGE('',*,*,#1069,.T.);
#1492=ORIENTED_EDGE('',*,*,#1088,.F.);
#1493=ORIENTED_EDGE('',*,*,#1089,.F.);
#1494=ORIENTED_EDGE('',*,*,#1090,.T.);
#1495=ORIENTED_EDGE('',*,*,#1070,.T.);
#1496=ORIENTED_EDGE('',*,*,#1090,.F.);
#1497=ORIENTED_EDGE('',*,*,#1091,.F.);
#1498=ORIENTED_EDGE('',*,*,#1092,.T.);
#1499=ORIENTED_EDGE('',*,*,#1071,.T.);
#1500=ORIENTED_EDGE('',*,*,#1092,.F.);
#1501=ORIENTED_EDGE('',*,*,#1093,.F.);
#1502=ORIENTED_EDGE('',*,*,#1094,.T.);
#1503=ORIENTED_EDGE('',*,*,#1072,.T.);
#1504=ORIENTED_EDGE('',*,*,#1094,.F.);
#1505=ORIENTED_EDGE('',*,*,#1095,.F.);
#1506=ORIENTED_EDGE('',*,*,#1096,.T.);
#1507=ORIENTED_EDGE('',*,*,#1073,.T.);
#1508=ORIENTED_EDGE('',*,*,#1096,.F.);
#1509=ORIENTED_EDGE('',*,*,#1097,.F.);
#1510=ORIENTED_EDGE('',*,*,#1098,.T.);
#1511=ORIENTED_EDGE('',*,*,#1074,.T.);
#1512=ORIENTED_EDGE('',*,*,#1098,.F.);
#1513=ORIENTED_EDGE('',*,*,#1099,.F.);
#1514=ORIENTED_EDGE('',*,*,#1100,.T.);
#1515=ORIENTED_EDGE('',*,*,#1075,.T.);
#1516=ORIENTED_EDGE('',*,*,#1100,.F.);
#1517=ORIENTED_EDGE('',*,*,#1101,.F.);
#1518=ORIENTED_EDGE('',*,*,#1102,.T.);
#1519=ORIENTED_EDGE('',*,*,#1076,.T.);
#1520=ORIENTED_EDGE('',*,*,#1102,.F.);
#1521=ORIENTED_EDGE('',*,*,#1103,.F.);
#1522=ORIENTED_EDGE('',*,*,#1104,.T.);
#1523=ORIENTED_EDGE('',*,*,#1077,.T.);
#1524=ORIENTED_EDGE('',*,*,#1104,.F.);
#1525=ORIENTED_EDGE('',*,*,#1105,.F.);
#1526=ORIENTED_EDGE('',*,*,#1106,.T.);
#1527=ORIENTED_EDGE('',*,*,#1078,.T.);
#1528=ORIENTED_EDGE('',*,*,#1106,.F.);
#1529=ORIENTED_EDGE('',*,*,#1063,.F.);
#1530=ORIENTED_EDGE('',*,*,#1107,.T.);
#1531=ORIENTED_EDGE('',*,*,#1108,.F.);
#1532=ORIENTED_EDGE('',*,*,#1109,.F.);
#1533=ORIENTED_EDGE('',*,*,#1047,.T.);
#1534=ORIENTED_EDGE('',*,*,#1051,.F.);
#1535=ORIENTED_EDGE('',*,*,#1055,.T.);
#1536=ORIENTED_EDGE('',*,*,#1064,.F.);
#1537=ORIENTED_EDGE('',*,*,#1109,.T.);
#1538=ORIENTED_EDGE('',*,*,#1110,.F.);
#1539=ORIENTED_EDGE('',*,*,#1111,.F.);
#1540=ORIENTED_EDGE('',*,*,#1056,.F.);
#1541=ORIENTED_EDGE('',*,*,#1057,.F.);
#1542=ORIENTED_EDGE('',*,*,#1111,.T.);
#1543=ORIENTED_EDGE('',*,*,#1112,.F.);
#1544=ORIENTED_EDGE('',*,*,#1113,.F.);
#1545=ORIENTED_EDGE('',*,*,#1058,.F.);
#1546=ORIENTED_EDGE('',*,*,#1113,.T.);
#1547=ORIENTED_EDGE('',*,*,#1114,.F.);
#1548=ORIENTED_EDGE('',*,*,#1115,.F.);
#1549=ORIENTED_EDGE('',*,*,#1059,.F.);
#1550=ORIENTED_EDGE('',*,*,#1115,.T.);
#1551=ORIENTED_EDGE('',*,*,#1116,.F.);
#1552=ORIENTED_EDGE('',*,*,#1117,.F.);
#1553=ORIENTED_EDGE('',*,*,#1060,.F.);
#1554=ORIENTED_EDGE('',*,*,#1117,.T.);
#1555=ORIENTED_EDGE('',*,*,#1118,.F.);
#1556=ORIENTED_EDGE('',*,*,#1119,.F.);
#1557=ORIENTED_EDGE('',*,*,#1061,.F.);
#1558=ORIENTED_EDGE('',*,*,#1119,.T.);
#1559=ORIENTED_EDGE('',*,*,#1120,.F.);
#1560=ORIENTED_EDGE('',*,*,#1121,.F.);
#1561=ORIENTED_EDGE('',*,*,#1062,.F.);
#1562=ORIENTED_EDGE('',*,*,#1121,.T.);
#1563=ORIENTED_EDGE('',*,*,#1122,.F.);
#1564=ORIENTED_EDGE('',*,*,#1107,.F.);
#1565=ORIENTED_EDGE('',*,*,#1122,.T.);
#1566=ORIENTED_EDGE('',*,*,#1120,.T.);
#1567=ORIENTED_EDGE('',*,*,#1118,.T.);
#1568=ORIENTED_EDGE('',*,*,#1116,.T.);
#1569=ORIENTED_EDGE('',*,*,#1114,.T.);
#1570=ORIENTED_EDGE('',*,*,#1112,.T.);
#1571=ORIENTED_EDGE('',*,*,#1110,.T.);
#1572=ORIENTED_EDGE('',*,*,#1108,.T.);
#1573=ORIENTED_EDGE('',*,*,#1105,.T.);
#1574=ORIENTED_EDGE('',*,*,#1103,.T.);
#1575=ORIENTED_EDGE('',*,*,#1101,.T.);
#1576=ORIENTED_EDGE('',*,*,#1099,.T.);
#1577=ORIENTED_EDGE('',*,*,#1097,.T.);
#1578=ORIENTED_EDGE('',*,*,#1095,.T.);
#1579=ORIENTED_EDGE('',*,*,#1093,.T.);
#1580=ORIENTED_EDGE('',*,*,#1091,.T.);
#1581=ORIENTED_EDGE('',*,*,#1089,.T.);
#1582=ORIENTED_EDGE('',*,*,#1087,.T.);
#1583=ORIENTED_EDGE('',*,*,#1086,.T.);
#1584=ORIENTED_EDGE('',*,*,#1084,.T.);
#1585=ORIENTED_EDGE('',*,*,#1082,.T.);
#1586=ORIENTED_EDGE('',*,*,#1080,.T.);
#1587=PLANE('',#1754);
#1588=PLANE('',#1758);
#1589=PLANE('',#1762);
#1590=PLANE('',#1763);
#1591=PLANE('',#1764);
#1592=PLANE('',#1779);
#1593=PLANE('',#1780);
#1594=PLANE('',#1781);
#1595=PLANE('',#1784);
#1596=PLANE('',#1788);
#1597=PLANE('',#1792);
#1598=PLANE('',#1796);
#1599=PLANE('',#1800);
#1600=PLANE('',#1804);
#1601=PLANE('',#1808);
#1602=PLANE('',#1812);
#1603=PLANE('',#1816);
#1604=PLANE('',#1820);
#1605=PLANE('',#1843);
#1606=PLANE('',#1845);
#1607=PLANE('',#1846);
#1608=PLANE('',#1858);
#1609=PLANE('',#1860);
#1610=PLANE('',#1861);
#1611=PLANE('',#1862);
#1612=PLANE('',#1863);
#1613=PLANE('',#1864);
#1614=PLANE('',#1865);
#1615=PLANE('',#1866);
#1616=PLANE('',#1867);
#1617=PLANE('',#1868);
#1618=PLANE('',#1869);
#1619=PLANE('',#1881);
#1620=PLANE('',#1882);
#1621=PLANE('',#1883);
#1622=PLANE('',#1884);
#1623=PLANE('',#1885);
#1624=PLANE('',#1900);
#1625=PLANE('',#1901);
#1626=PLANE('',#1902);
#1627=PLANE('',#1903);
#1628=PLANE('',#1926);
#1629=PLANE('',#1929);
#1630=PLANE('',#1932);
#1631=PLANE('',#1935);
#1632=PLANE('',#1936);
#1633=ADVANCED_FACE('',(#219),#1587,.F.);
#1634=ADVANCED_FACE('',(#220),#175,.F.);
#1635=ADVANCED_FACE('',(#221),#1588,.F.);
#1636=ADVANCED_FACE('',(#222),#176,.F.);
#1637=ADVANCED_FACE('',(#223),#1589,.F.);
#1638=ADVANCED_FACE('',(#224),#1590,.F.);
#1639=ADVANCED_FACE('',(#225,#49,#50,#51,#52,#53,#54,#55,#56,#57,#58),#1591,
 .T.);
#1640=ADVANCED_FACE('',(#226),#1592,.F.);
#1641=ADVANCED_FACE('',(#227),#1593,.F.);
#1642=ADVANCED_FACE('',(#228),#1594,.F.);
#1643=ADVANCED_FACE('',(#229),#177,.F.);
#1644=ADVANCED_FACE('',(#230,#59),#1595,.T.);
#1645=ADVANCED_FACE('',(#231),#178,.F.);
#1646=ADVANCED_FACE('',(#232,#60),#1596,.T.);
#1647=ADVANCED_FACE('',(#233),#179,.F.);
#1648=ADVANCED_FACE('',(#234,#61),#1597,.T.);
#1649=ADVANCED_FACE('',(#235),#180,.F.);
#1650=ADVANCED_FACE('',(#236,#62),#1598,.T.);
#1651=ADVANCED_FACE('',(#237),#181,.F.);
#1652=ADVANCED_FACE('',(#238,#63),#1599,.T.);
#1653=ADVANCED_FACE('',(#239),#182,.F.);
#1654=ADVANCED_FACE('',(#240,#64),#1600,.T.);
#1655=ADVANCED_FACE('',(#241),#183,.F.);
#1656=ADVANCED_FACE('',(#242,#65),#1601,.T.);
#1657=ADVANCED_FACE('',(#243),#184,.F.);
#1658=ADVANCED_FACE('',(#244,#66),#1602,.T.);
#1659=ADVANCED_FACE('',(#245),#185,.F.);
#1660=ADVANCED_FACE('',(#246,#67),#1603,.T.);
#1661=ADVANCED_FACE('',(#247),#186,.F.);
#1662=ADVANCED_FACE('',(#248,#68),#1604,.T.);
#1663=ADVANCED_FACE('',(#249),#187,.T.);
#1664=ADVANCED_FACE('',(#250),#45,.F.);
#1665=ADVANCED_FACE('',(#251),#188,.T.);
#1666=ADVANCED_FACE('',(#252),#46,.F.);
#1667=ADVANCED_FACE('',(#253),#189,.T.);
#1668=ADVANCED_FACE('',(#254),#47,.F.);
#1669=ADVANCED_FACE('',(#255),#190,.T.);
#1670=ADVANCED_FACE('',(#256),#48,.F.);
#1671=ADVANCED_FACE('',(#257),#191,.T.);
#1672=ADVANCED_FACE('',(#258),#1605,.T.);
#1673=ADVANCED_FACE('',(#259),#192,.T.);
#1674=ADVANCED_FACE('',(#260),#1606,.T.);
#1675=ADVANCED_FACE('',(#261,#69,#70,#71,#72,#73,#74,#75,#76,#77,#78),#1607,
 .F.);
#1676=ADVANCED_FACE('',(#262),#193,.T.);
#1677=ADVANCED_FACE('',(#263),#1608,.T.);
#1678=ADVANCED_FACE('',(#264),#194,.T.);
#1679=ADVANCED_FACE('',(#265),#1609,.T.);
#1680=ADVANCED_FACE('',(#266),#1610,.F.);
#1681=ADVANCED_FACE('',(#267),#1611,.F.);
#1682=ADVANCED_FACE('',(#268),#1612,.F.);
#1683=ADVANCED_FACE('',(#269),#1613,.F.);
#1684=ADVANCED_FACE('',(#270),#1614,.F.);
#1685=ADVANCED_FACE('',(#271),#1615,.F.);
#1686=ADVANCED_FACE('',(#272),#1616,.F.);
#1687=ADVANCED_FACE('',(#273),#1617,.F.);
#1688=ADVANCED_FACE('',(#274),#1618,.F.);
#1689=ADVANCED_FACE('',(#275),#195,.F.);
#1690=ADVANCED_FACE('',(#276),#196,.F.);
#1691=ADVANCED_FACE('',(#277),#197,.F.);
#1692=ADVANCED_FACE('',(#278),#198,.F.);
#1693=ADVANCED_FACE('',(#279),#199,.F.);
#1694=ADVANCED_FACE('',(#280),#200,.F.);
#1695=ADVANCED_FACE('',(#281),#201,.F.);
#1696=ADVANCED_FACE('',(#282),#202,.F.);
#1697=ADVANCED_FACE('',(#283),#203,.F.);
#1698=ADVANCED_FACE('',(#284),#204,.F.);
#1699=ADVANCED_FACE('',(#285),#1619,.F.);
#1700=ADVANCED_FACE('',(#286),#1620,.T.);
#1701=ADVANCED_FACE('',(#287),#1621,.F.);
#1702=ADVANCED_FACE('',(#288),#1622,.F.);
#1703=ADVANCED_FACE('',(#289,#79,#80,#81,#82,#83,#84,#85,#86,#87,#88,#89),
#1623,.F.);
#1704=ADVANCED_FACE('',(#290),#1624,.T.);
#1705=ADVANCED_FACE('',(#291),#1625,.T.);
#1706=ADVANCED_FACE('',(#292),#1626,.T.);
#1707=ADVANCED_FACE('',(#293),#1627,.T.);
#1708=ADVANCED_FACE('',(#294),#205,.F.);
#1709=ADVANCED_FACE('',(#295),#206,.F.);
#1710=ADVANCED_FACE('',(#296),#207,.F.);
#1711=ADVANCED_FACE('',(#297),#208,.F.);
#1712=ADVANCED_FACE('',(#298),#209,.F.);
#1713=ADVANCED_FACE('',(#299),#210,.F.);
#1714=ADVANCED_FACE('',(#300),#211,.F.);
#1715=ADVANCED_FACE('',(#301),#212,.F.);
#1716=ADVANCED_FACE('',(#302),#213,.F.);
#1717=ADVANCED_FACE('',(#303),#214,.F.);
#1718=ADVANCED_FACE('',(#304),#215,.T.);
#1719=ADVANCED_FACE('',(#305),#1628,.T.);
#1720=ADVANCED_FACE('',(#306),#216,.T.);
#1721=ADVANCED_FACE('',(#307),#1629,.T.);
#1722=ADVANCED_FACE('',(#308),#217,.T.);
#1723=ADVANCED_FACE('',(#309),#1630,.T.);
#1724=ADVANCED_FACE('',(#310),#218,.T.);
#1725=ADVANCED_FACE('',(#311),#1631,.T.);
#1726=ADVANCED_FACE('',(#312,#90,#91,#92,#93,#94,#95,#96,#97,#98,#99,#100),
#1632,.T.);
#1727=CLOSED_SHELL('',(#1633,#1634,#1635,#1636,#1637,#1638,#1639,#1640,
#1641,#1642,#1643,#1644,#1645,#1646,#1647,#1648,#1649,#1650,#1651,#1652,
#1653,#1654,#1655,#1656,#1657,#1658,#1659,#1660,#1661,#1662,#1663,#1664,
#1665,#1666,#1667,#1668,#1669,#1670,#1671,#1672,#1673,#1674,#1675,#1676,
#1677,#1678,#1679,#1680,#1681,#1682,#1683,#1684,#1685,#1686,#1687,#1688,
#1689,#1690,#1691,#1692,#1693,#1694,#1695,#1696,#1697,#1698));
#1728=CLOSED_SHELL('',(#1699,#1700,#1701,#1702,#1703,#1704,#1705,#1706,
#1707,#1708,#1709,#1710,#1711,#1712,#1713,#1714,#1715,#1716,#1717,#1718,
#1719,#1720,#1721,#1722,#1723,#1724,#1725,#1726));
#1729=DERIVED_UNIT_ELEMENT(#1733,1.);
#1730=DERIVED_UNIT_ELEMENT(#3073,-3.);
#1731=DERIVED_UNIT_ELEMENT(#1733,1.);
#1732=DERIVED_UNIT_ELEMENT(#3073,-3.);
#1733=(
MASS_UNIT()
NAMED_UNIT(*)
SI_UNIT(.KILO.,.GRAM.)
);
#1734=DERIVED_UNIT((#1729,#1730));
#1735=DERIVED_UNIT((#1731,#1732));
#1736=MEASURE_REPRESENTATION_ITEM('density measure',
POSITIVE_RATIO_MEASURE(7850.),#1734);
#1737=MEASURE_REPRESENTATION_ITEM('density measure',
POSITIVE_RATIO_MEASURE(7850.),#1735);
#1738=PROPERTY_DEFINITION_REPRESENTATION(#1748,#1742);
#1739=PROPERTY_DEFINITION_REPRESENTATION(#1749,#1743);
#1740=PROPERTY_DEFINITION_REPRESENTATION(#1750,#1744);
#1741=PROPERTY_DEFINITION_REPRESENTATION(#1751,#1745);
#1742=REPRESENTATION('material name',(#1746),#3069);
#1743=REPRESENTATION('density',(#1736),#3069);
#1744=REPRESENTATION('material name',(#1747),#3070);
#1745=REPRESENTATION('density',(#1737),#3070);
#1746=DESCRIPTIVE_REPRESENTATION_ITEM('Steel','Steel');
#1747=DESCRIPTIVE_REPRESENTATION_ITEM('Steel','Steel');
#1748=PROPERTY_DEFINITION('material property','material name',#3089);
#1749=PROPERTY_DEFINITION('material property','density of part',#3089);
#1750=PROPERTY_DEFINITION('material property','material name',#3090);
#1751=PROPERTY_DEFINITION('material property','density of part',#3090);
#1752=AXIS2_PLACEMENT_3D('',#2453,#1939,#1940);
#1753=AXIS2_PLACEMENT_3D('',#2454,#1941,#1942);
#1754=AXIS2_PLACEMENT_3D('',#2455,#1943,#1944);
#1755=AXIS2_PLACEMENT_3D('',#2464,#1949,#1950);
#1756=AXIS2_PLACEMENT_3D('',#2467,#1951,#1952);
#1757=AXIS2_PLACEMENT_3D('',#2471,#1954,#1955);
#1758=AXIS2_PLACEMENT_3D('',#2473,#1957,#1958);
#1759=AXIS2_PLACEMENT_3D('',#2484,#1965,#1966);
#1760=AXIS2_PLACEMENT_3D('',#2486,#1967,#1968);
#1761=AXIS2_PLACEMENT_3D('',#2489,#1970,#1971);
#1762=AXIS2_PLACEMENT_3D('',#2490,#1972,#1973);
#1763=AXIS2_PLACEMENT_3D('',#2500,#1979,#1980);
#1764=AXIS2_PLACEMENT_3D('',#2510,#1986,#1987);
#1765=AXIS2_PLACEMENT_3D('',#2523,#1994,#1995);
#1766=AXIS2_PLACEMENT_3D('',#2527,#1997,#1998);
#1767=AXIS2_PLACEMENT_3D('',#2531,#2000,#2001);
#1768=AXIS2_PLACEMENT_3D('',#2535,#2003,#2004);
#1769=AXIS2_PLACEMENT_3D('',#2538,#2006,#2007);
#1770=AXIS2_PLACEMENT_3D('',#2540,#2008,#2009);
#1771=AXIS2_PLACEMENT_3D('',#2542,#2010,#2011);
#1772=AXIS2_PLACEMENT_3D('',#2544,#2012,#2013);
#1773=AXIS2_PLACEMENT_3D('',#2546,#2014,#2015);
#1774=AXIS2_PLACEMENT_3D('',#2548,#2016,#2017);
#1775=AXIS2_PLACEMENT_3D('',#2550,#2018,#2019);
#1776=AXIS2_PLACEMENT_3D('',#2552,#2020,#2021);
#1777=AXIS2_PLACEMENT_3D('',#2554,#2022,#2023);
#1778=AXIS2_PLACEMENT_3D('',#2556,#2024,#2025);
#1779=AXIS2_PLACEMENT_3D('',#2557,#2026,#2027);
#1780=AXIS2_PLACEMENT_3D('',#2563,#2031,#2032);
#1781=AXIS2_PLACEMENT_3D('',#2567,#2035,#2036);
#1782=AXIS2_PLACEMENT_3D('',#2571,#2039,#2040);
#1783=AXIS2_PLACEMENT_3D('',#2574,#2042,#2043);
#1784=AXIS2_PLACEMENT_3D('',#2575,#2044,#2045);
#1785=AXIS2_PLACEMENT_3D('',#2577,#2046,#2047);
#1786=AXIS2_PLACEMENT_3D('',#2578,#2048,#2049);
#1787=AXIS2_PLACEMENT_3D('',#2581,#2051,#2052);
#1788=AXIS2_PLACEMENT_3D('',#2582,#2053,#2054);
#1789=AXIS2_PLACEMENT_3D('',#2584,#2055,#2056);
#1790=AXIS2_PLACEMENT_3D('',#2585,#2057,#2058);
#1791=AXIS2_PLACEMENT_3D('',#2588,#2060,#2061);
#1792=AXIS2_PLACEMENT_3D('',#2589,#2062,#2063);
#1793=AXIS2_PLACEMENT_3D('',#2591,#2064,#2065);
#1794=AXIS2_PLACEMENT_3D('',#2592,#2066,#2067);
#1795=AXIS2_PLACEMENT_3D('',#2595,#2069,#2070);
#1796=AXIS2_PLACEMENT_3D('',#2596,#2071,#2072);
#1797=AXIS2_PLACEMENT_3D('',#2598,#2073,#2074);
#1798=AXIS2_PLACEMENT_3D('',#2599,#2075,#2076);
#1799=AXIS2_PLACEMENT_3D('',#2602,#2078,#2079);
#1800=AXIS2_PLACEMENT_3D('',#2603,#2080,#2081);
#1801=AXIS2_PLACEMENT_3D('',#2605,#2082,#2083);
#1802=AXIS2_PLACEMENT_3D('',#2606,#2084,#2085);
#1803=AXIS2_PLACEMENT_3D('',#2609,#2087,#2088);
#1804=AXIS2_PLACEMENT_3D('',#2610,#2089,#2090);
#1805=AXIS2_PLACEMENT_3D('',#2612,#2091,#2092);
#1806=AXIS2_PLACEMENT_3D('',#2613,#2093,#2094);
#1807=AXIS2_PLACEMENT_3D('',#2616,#2096,#2097);
#1808=AXIS2_PLACEMENT_3D('',#2617,#2098,#2099);
#1809=AXIS2_PLACEMENT_3D('',#2619,#2100,#2101);
#1810=AXIS2_PLACEMENT_3D('',#2620,#2102,#2103);
#1811=AXIS2_PLACEMENT_3D('',#2623,#2105,#2106);
#1812=AXIS2_PLACEMENT_3D('',#2624,#2107,#2108);
#1813=AXIS2_PLACEMENT_3D('',#2626,#2109,#2110);
#1814=AXIS2_PLACEMENT_3D('',#2627,#2111,#2112);
#1815=AXIS2_PLACEMENT_3D('',#2630,#2114,#2115);
#1816=AXIS2_PLACEMENT_3D('',#2631,#2116,#2117);
#1817=AXIS2_PLACEMENT_3D('',#2633,#2118,#2119);
#1818=AXIS2_PLACEMENT_3D('',#2634,#2120,#2121);
#1819=AXIS2_PLACEMENT_3D('',#2637,#2123,#2124);
#1820=AXIS2_PLACEMENT_3D('',#2638,#2125,#2126);
#1821=AXIS2_PLACEMENT_3D('',#2640,#2127,#2128);
#1822=AXIS2_PLACEMENT_3D('',#2641,#2129,#2130);
#1823=AXIS2_PLACEMENT_3D('',#2644,#2131,#2132);
#1824=AXIS2_PLACEMENT_3D('',#2648,#2134,#2135);
#1825=AXIS2_PLACEMENT_3D('',#2682,#2137,#2138);
#1826=AXIS2_PLACEMENT_3D('',#2683,#2139,#2140);
#1827=AXIS2_PLACEMENT_3D('',#2684,#2141,#2142);
#1828=AXIS2_PLACEMENT_3D('',#2685,#2143,#2144);
#1829=AXIS2_PLACEMENT_3D('',#2688,#2145,#2146);
#1830=AXIS2_PLACEMENT_3D('',#2723,#2149,#2150);
#1831=AXIS2_PLACEMENT_3D('',#2724,#2151,#2152);
#1832=AXIS2_PLACEMENT_3D('',#2725,#2153,#2154);
#1833=AXIS2_PLACEMENT_3D('',#2726,#2155,#2156);
#1834=AXIS2_PLACEMENT_3D('',#2729,#2157,#2158);
#1835=AXIS2_PLACEMENT_3D('',#2770,#2161,#2162);
#1836=AXIS2_PLACEMENT_3D('',#2771,#2163,#2164);
#1837=AXIS2_PLACEMENT_3D('',#2772,#2165,#2166);
#1838=AXIS2_PLACEMENT_3D('',#2773,#2167,#2168);
#1839=AXIS2_PLACEMENT_3D('',#2776,#2169,#2170);
#1840=AXIS2_PLACEMENT_3D('',#2815,#2173,#2174);
#1841=AXIS2_PLACEMENT_3D('',#2816,#2175,#2176);
#1842=AXIS2_PLACEMENT_3D('',#2817,#2177,#2178);
#1843=AXIS2_PLACEMENT_3D('',#2820,#2181,#2182);
#1844=AXIS2_PLACEMENT_3D('',#2822,#2184,#2185);
#1845=AXIS2_PLACEMENT_3D('',#2824,#2187,#2188);
#1846=AXIS2_PLACEMENT_3D('',#2826,#2190,#2191);
#1847=AXIS2_PLACEMENT_3D('',#2828,#2192,#2193);
#1848=AXIS2_PLACEMENT_3D('',#2830,#2194,#2195);
#1849=AXIS2_PLACEMENT_3D('',#2832,#2196,#2197);
#1850=AXIS2_PLACEMENT_3D('',#2834,#2198,#2199);
#1851=AXIS2_PLACEMENT_3D('',#2836,#2200,#2201);
#1852=AXIS2_PLACEMENT_3D('',#2838,#2202,#2203);
#1853=AXIS2_PLACEMENT_3D('',#2840,#2204,#2205);
#1854=AXIS2_PLACEMENT_3D('',#2842,#2206,#2207);
#1855=AXIS2_PLACEMENT_3D('',#2844,#2208,#2209);
#1856=AXIS2_PLACEMENT_3D('',#2846,#2210,#2211);
#1857=AXIS2_PLACEMENT_3D('',#2847,#2212,#2213);
#1858=AXIS2_PLACEMENT_3D('',#2850,#2216,#2217);
#1859=AXIS2_PLACEMENT_3D('',#2851,#2218,#2219);
#1860=AXIS2_PLACEMENT_3D('',#2853,#2221,#2222);
#1861=AXIS2_PLACEMENT_3D('',#2854,#2223,#2224);
#1862=AXIS2_PLACEMENT_3D('',#2862,#2229,#2230);
#1863=AXIS2_PLACEMENT_3D('',#2864,#2232,#2233);
#1864=AXIS2_PLACEMENT_3D('',#2866,#2235,#2236);
#1865=AXIS2_PLACEMENT_3D('',#2868,#2238,#2239);
#1866=AXIS2_PLACEMENT_3D('',#2874,#2243,#2244);
#1867=AXIS2_PLACEMENT_3D('',#2878,#2247,#2248);
#1868=AXIS2_PLACEMENT_3D('',#2880,#2250,#2251);
#1869=AXIS2_PLACEMENT_3D('',#2882,#2253,#2254);
#1870=AXIS2_PLACEMENT_3D('',#2883,#2255,#2256);
#1871=AXIS2_PLACEMENT_3D('',#2885,#2258,#2259);
#1872=AXIS2_PLACEMENT_3D('',#2887,#2261,#2262);
#1873=AXIS2_PLACEMENT_3D('',#2889,#2264,#2265);
#1874=AXIS2_PLACEMENT_3D('',#2891,#2267,#2268);
#1875=AXIS2_PLACEMENT_3D('',#2893,#2270,#2271);
#1876=AXIS2_PLACEMENT_3D('',#2895,#2273,#2274);
#1877=AXIS2_PLACEMENT_3D('',#2897,#2276,#2277);
#1878=AXIS2_PLACEMENT_3D('',#2899,#2279,#2280);
#1879=AXIS2_PLACEMENT_3D('',#2901,#2282,#2283);
#1880=AXIS2_PLACEMENT_3D('',#2903,#2285,#2286);
#1881=AXIS2_PLACEMENT_3D('',#2904,#2287,#2288);
#1882=AXIS2_PLACEMENT_3D('',#2913,#2293,#2294);
#1883=AXIS2_PLACEMENT_3D('',#2919,#2298,#2299);
#1884=AXIS2_PLACEMENT_3D('',#2923,#2302,#2303);
#1885=AXIS2_PLACEMENT_3D('',#2927,#2306,#2307);
#1886=AXIS2_PLACEMENT_3D('',#2931,#2309,#2310);
#1887=AXIS2_PLACEMENT_3D('',#2935,#2312,#2313);
#1888=AXIS2_PLACEMENT_3D('',#2939,#2315,#2316);
#1889=AXIS2_PLACEMENT_3D('',#2943,#2318,#2319);
#1890=AXIS2_PLACEMENT_3D('',#2954,#2325,#2326);
#1891=AXIS2_PLACEMENT_3D('',#2956,#2327,#2328);
#1892=AXIS2_PLACEMENT_3D('',#2958,#2329,#2330);
#1893=AXIS2_PLACEMENT_3D('',#2960,#2331,#2332);
#1894=AXIS2_PLACEMENT_3D('',#2962,#2333,#2334);
#1895=AXIS2_PLACEMENT_3D('',#2964,#2335,#2336);
#1896=AXIS2_PLACEMENT_3D('',#2966,#2337,#2338);
#1897=AXIS2_PLACEMENT_3D('',#2968,#2339,#2340);
#1898=AXIS2_PLACEMENT_3D('',#2970,#2341,#2342);
#1899=AXIS2_PLACEMENT_3D('',#2972,#2343,#2344);
#1900=AXIS2_PLACEMENT_3D('',#2973,#2345,#2346);
#1901=AXIS2_PLACEMENT_3D('',#2979,#2350,#2351);
#1902=AXIS2_PLACEMENT_3D('',#2983,#2354,#2355);
#1903=AXIS2_PLACEMENT_3D('',#2987,#2358,#2359);
#1904=AXIS2_PLACEMENT_3D('',#2989,#2361,#2362);
#1905=AXIS2_PLACEMENT_3D('',#2991,#2363,#2364);
#1906=AXIS2_PLACEMENT_3D('',#2993,#2366,#2367);
#1907=AXIS2_PLACEMENT_3D('',#2995,#2368,#2369);
#1908=AXIS2_PLACEMENT_3D('',#2997,#2371,#2372);
#1909=AXIS2_PLACEMENT_3D('',#2999,#2373,#2374);
#1910=AXIS2_PLACEMENT_3D('',#3001,#2376,#2377);
#1911=AXIS2_PLACEMENT_3D('',#3003,#2378,#2379);
#1912=AXIS2_PLACEMENT_3D('',#3005,#2381,#2382);
#1913=AXIS2_PLACEMENT_3D('',#3007,#2383,#2384);
#1914=AXIS2_PLACEMENT_3D('',#3009,#2386,#2387);
#1915=AXIS2_PLACEMENT_3D('',#3011,#2388,#2389);
#1916=AXIS2_PLACEMENT_3D('',#3013,#2391,#2392);
#1917=AXIS2_PLACEMENT_3D('',#3015,#2393,#2394);
#1918=AXIS2_PLACEMENT_3D('',#3017,#2396,#2397);
#1919=AXIS2_PLACEMENT_3D('',#3019,#2398,#2399);
#1920=AXIS2_PLACEMENT_3D('',#3021,#2401,#2402);
#1921=AXIS2_PLACEMENT_3D('',#3023,#2403,#2404);
#1922=AXIS2_PLACEMENT_3D('',#3025,#2406,#2407);
#1923=AXIS2_PLACEMENT_3D('',#3027,#2408,#2409);
#1924=AXIS2_PLACEMENT_3D('',#3029,#2411,#2412);
#1925=AXIS2_PLACEMENT_3D('',#3033,#2414,#2415);
#1926=AXIS2_PLACEMENT_3D('',#3035,#2417,#2418);
#1927=AXIS2_PLACEMENT_3D('',#3039,#2421,#2422);
#1928=AXIS2_PLACEMENT_3D('',#3041,#2423,#2424);
#1929=AXIS2_PLACEMENT_3D('',#3043,#2426,#2427);
#1930=AXIS2_PLACEMENT_3D('',#3047,#2430,#2431);
#1931=AXIS2_PLACEMENT_3D('',#3049,#2432,#2433);
#1932=AXIS2_PLACEMENT_3D('',#3051,#2435,#2436);
#1933=AXIS2_PLACEMENT_3D('',#3055,#2439,#2440);
#1934=AXIS2_PLACEMENT_3D('',#3057,#2441,#2442);
#1935=AXIS2_PLACEMENT_3D('',#3059,#2444,#2445);
#1936=AXIS2_PLACEMENT_3D('',#3061,#2447,#2448);
#1937=AXIS2_PLACEMENT_3D('',#3062,#2449,#2450);
#1938=AXIS2_PLACEMENT_3D('',#3063,#2451,#2452);
#1939=DIRECTION('axis',(0.,0.,1.));
#1940=DIRECTION('refdir',(1.,0.,0.));
#1941=DIRECTION('axis',(0.,0.,1.));
#1942=DIRECTION('refdir',(1.,0.,0.));
#1943=DIRECTION('center_axis',(0.,-1.,0.));
#1944=DIRECTION('ref_axis',(0.,0.,-1.));
#1945=DIRECTION('',(-1.,0.,0.));
#1946=DIRECTION('',(0.,0.,1.));
#1947=DIRECTION('',(1.,0.,0.));
#1948=DIRECTION('',(0.,0.,-1.));
#1949=DIRECTION('center_axis',(-1.,0.,0.));
#1950=DIRECTION('ref_axis',(0.,-0.707106781186547,-0.707106781186548));
#1951=DIRECTION('center_axis',(1.,0.,0.));
#1952=DIRECTION('ref_axis',(0.,-0.707106781186547,-0.707106781186548));
#1953=DIRECTION('',(-1.,0.,0.));
#1954=DIRECTION('center_axis',(-1.,5.12410626750072E-17,0.));
#1955=DIRECTION('ref_axis',(0.,-0.707106781186547,-0.707106781186548));
#1956=DIRECTION('',(1.,0.,0.));
#1957=DIRECTION('center_axis',(0.,0.,-1.));
#1958=DIRECTION('ref_axis',(-1.,0.,0.));
#1959=DIRECTION('',(0.,1.,0.));
#1960=DIRECTION('',(0.,-1.,0.));
#1961=DIRECTION('',(1.,0.,0.));
#1962=DIRECTION('',(0.,1.,0.));
#1963=DIRECTION('',(1.,0.,0.));
#1964=DIRECTION('',(5.12410626750072E-17,1.,0.));
#1965=DIRECTION('center_axis',(1.,0.,0.));
#1966=DIRECTION('ref_axis',(0.,0.707106781186547,-0.707106781186548));
#1967=DIRECTION('center_axis',(1.,0.,0.));
#1968=DIRECTION('ref_axis',(0.,0.707106781186547,-0.707106781186548));
#1969=DIRECTION('',(-1.,0.,0.));
#1970=DIRECTION('center_axis',(-1.,5.12410626750072E-17,0.));
#1971=DIRECTION('ref_axis',(0.,0.707106781186547,-0.707106781186548));
#1972=DIRECTION('center_axis',(0.,1.,0.));
#1973=DIRECTION('ref_axis',(1.,0.,0.));
#1974=DIRECTION('',(0.,0.,-1.));
#1975=DIRECTION('',(1.,0.,0.));
#1976=DIRECTION('',(0.,0.,-1.));
#1977=DIRECTION('',(1.,0.,0.));
#1978=DIRECTION('',(0.,0.,1.));
#1979=DIRECTION('center_axis',(0.,-1.,0.));
#1980=DIRECTION('ref_axis',(-1.,0.,0.));
#1981=DIRECTION('',(0.,0.,-1.));
#1982=DIRECTION('',(-1.,0.,0.));
#1983=DIRECTION('',(0.,0.,1.));
#1984=DIRECTION('',(-1.,0.,0.));
#1985=DIRECTION('',(0.,0.,1.));
#1986=DIRECTION('center_axis',(0.,0.,1.));
#1987=DIRECTION('ref_axis',(1.,0.,0.));
#1988=DIRECTION('',(0.,1.,0.));
#1989=DIRECTION('',(1.,0.,0.));
#1990=DIRECTION('',(0.,-1.,0.));
#1991=DIRECTION('',(-1.,0.,0.));
#1992=DIRECTION('',(0.,1.,0.));
#1993=DIRECTION('',(5.12410626750072E-17,1.,0.));
#1994=DIRECTION('center_axis',(0.,0.,-1.));
#1995=DIRECTION('ref_axis',(-3.10862446895043E-15,-1.,0.));
#1996=DIRECTION('',(-1.,0.,0.));
#1997=DIRECTION('center_axis',(0.,0.,-1.));
#1998=DIRECTION('ref_axis',(1.,-3.5527136788005E-15,0.));
#1999=DIRECTION('',(0.,-1.,0.));
#2000=DIRECTION('center_axis',(0.,0.,-1.));
#2001=DIRECTION('ref_axis',(0.,1.,0.));
#2002=DIRECTION('',(1.,0.,0.));
#2003=DIRECTION('center_axis',(0.,0.,-1.));
#2004=DIRECTION('ref_axis',(-1.,-8.88178419700126E-16,0.));
#2005=DIRECTION('',(5.12410626750072E-17,1.,0.));
#2006=DIRECTION('center_axis',(0.,0.,-1.));
#2007=DIRECTION('ref_axis',(1.,0.,0.));
#2008=DIRECTION('center_axis',(0.,0.,-1.));
#2009=DIRECTION('ref_axis',(1.,0.,0.));
#2010=DIRECTION('center_axis',(0.,0.,-1.));
#2011=DIRECTION('ref_axis',(1.,0.,0.));
#2012=DIRECTION('center_axis',(0.,0.,-1.));
#2013=DIRECTION('ref_axis',(1.,0.,0.));
#2014=DIRECTION('center_axis',(0.,0.,-1.));
#2015=DIRECTION('ref_axis',(1.,0.,0.));
#2016=DIRECTION('center_axis',(0.,0.,-1.));
#2017=DIRECTION('ref_axis',(1.,0.,0.));
#2018=DIRECTION('center_axis',(0.,0.,-1.));
#2019=DIRECTION('ref_axis',(1.,0.,0.));
#2020=DIRECTION('center_axis',(0.,0.,-1.));
#2021=DIRECTION('ref_axis',(1.,0.,0.));
#2022=DIRECTION('center_axis',(0.,0.,-1.));
#2023=DIRECTION('ref_axis',(1.,0.,0.));
#2024=DIRECTION('center_axis',(0.,0.,-1.));
#2025=DIRECTION('ref_axis',(1.,0.,0.));
#2026=DIRECTION('center_axis',(-1.,0.,0.));
#2027=DIRECTION('ref_axis',(0.,1.,0.));
#2028=DIRECTION('',(0.,1.,0.));
#2029=DIRECTION('',(0.,0.,-1.));
#2030=DIRECTION('',(0.,1.,0.));
#2031=DIRECTION('center_axis',(-1.,0.,0.));
#2032=DIRECTION('ref_axis',(0.,1.,0.));
#2033=DIRECTION('',(0.,0.,-1.));
#2034=DIRECTION('',(0.,1.,0.));
#2035=DIRECTION('center_axis',(-1.,0.,0.));
#2036=DIRECTION('ref_axis',(0.,1.,0.));
#2037=DIRECTION('',(0.,0.,-1.));
#2038=DIRECTION('',(0.,1.,0.));
#2039=DIRECTION('center_axis',(0.,0.,-1.));
#2040=DIRECTION('ref_axis',(1.,0.,0.));
#2041=DIRECTION('',(0.,0.,-1.));
#2042=DIRECTION('center_axis',(0.,0.,-1.));
#2043=DIRECTION('ref_axis',(1.,0.,0.));
#2044=DIRECTION('center_axis',(0.,0.,1.));
#2045=DIRECTION('ref_axis',(1.,0.,0.));
#2046=DIRECTION('center_axis',(0.,0.,1.));
#2047=DIRECTION('ref_axis',(1.,0.,0.));
#2048=DIRECTION('center_axis',(0.,0.,-1.));
#2049=DIRECTION('ref_axis',(1.,0.,0.));
#2050=DIRECTION('',(0.,0.,-1.));
#2051=DIRECTION('center_axis',(0.,0.,-1.));
#2052=DIRECTION('ref_axis',(1.,0.,0.));
#2053=DIRECTION('center_axis',(0.,0.,1.));
#2054=DIRECTION('ref_axis',(1.,0.,0.));
#2055=DIRECTION('center_axis',(0.,0.,1.));
#2056=DIRECTION('ref_axis',(1.,0.,0.));
#2057=DIRECTION('center_axis',(0.,0.,-1.));
#2058=DIRECTION('ref_axis',(1.,0.,0.));
#2059=DIRECTION('',(0.,0.,-1.));
#2060=DIRECTION('center_axis',(0.,0.,-1.));
#2061=DIRECTION('ref_axis',(1.,0.,0.));
#2062=DIRECTION('center_axis',(0.,0.,1.));
#2063=DIRECTION('ref_axis',(1.,0.,0.));
#2064=DIRECTION('center_axis',(0.,0.,1.));
#2065=DIRECTION('ref_axis',(1.,0.,0.));
#2066=DIRECTION('center_axis',(0.,0.,-1.));
#2067=DIRECTION('ref_axis',(1.,0.,0.));
#2068=DIRECTION('',(0.,0.,-1.));
#2069=DIRECTION('center_axis',(0.,0.,-1.));
#2070=DIRECTION('ref_axis',(1.,0.,0.));
#2071=DIRECTION('center_axis',(0.,0.,1.));
#2072=DIRECTION('ref_axis',(1.,0.,0.));
#2073=DIRECTION('center_axis',(0.,0.,1.));
#2074=DIRECTION('ref_axis',(1.,0.,0.));
#2075=DIRECTION('center_axis',(0.,0.,-1.));
#2076=DIRECTION('ref_axis',(1.,0.,0.));
#2077=DIRECTION('',(0.,0.,-1.));
#2078=DIRECTION('center_axis',(0.,0.,-1.));
#2079=DIRECTION('ref_axis',(1.,0.,0.));
#2080=DIRECTION('center_axis',(0.,0.,1.));
#2081=DIRECTION('ref_axis',(1.,0.,0.));
#2082=DIRECTION('center_axis',(0.,0.,1.));
#2083=DIRECTION('ref_axis',(1.,0.,0.));
#2084=DIRECTION('center_axis',(0.,0.,-1.));
#2085=DIRECTION('ref_axis',(1.,0.,0.));
#2086=DIRECTION('',(0.,0.,-1.));
#2087=DIRECTION('center_axis',(0.,0.,-1.));
#2088=DIRECTION('ref_axis',(1.,0.,0.));
#2089=DIRECTION('center_axis',(0.,0.,1.));
#2090=DIRECTION('ref_axis',(1.,0.,0.));
#2091=DIRECTION('center_axis',(0.,0.,1.));
#2092=DIRECTION('ref_axis',(1.,0.,0.));
#2093=DIRECTION('center_axis',(0.,0.,-1.));
#2094=DIRECTION('ref_axis',(1.,0.,0.));
#2095=DIRECTION('',(0.,0.,-1.));
#2096=DIRECTION('center_axis',(0.,0.,-1.));
#2097=DIRECTION('ref_axis',(1.,0.,0.));
#2098=DIRECTION('center_axis',(0.,0.,1.));
#2099=DIRECTION('ref_axis',(1.,0.,0.));
#2100=DIRECTION('center_axis',(0.,0.,1.));
#2101=DIRECTION('ref_axis',(1.,0.,0.));
#2102=DIRECTION('center_axis',(0.,0.,-1.));
#2103=DIRECTION('ref_axis',(1.,0.,0.));
#2104=DIRECTION('',(0.,0.,-1.));
#2105=DIRECTION('center_axis',(0.,0.,-1.));
#2106=DIRECTION('ref_axis',(1.,0.,0.));
#2107=DIRECTION('center_axis',(0.,0.,1.));
#2108=DIRECTION('ref_axis',(1.,0.,0.));
#2109=DIRECTION('center_axis',(0.,0.,1.));
#2110=DIRECTION('ref_axis',(1.,0.,0.));
#2111=DIRECTION('center_axis',(0.,0.,-1.));
#2112=DIRECTION('ref_axis',(1.,0.,0.));
#2113=DIRECTION('',(0.,0.,-1.));
#2114=DIRECTION('center_axis',(0.,0.,-1.));
#2115=DIRECTION('ref_axis',(1.,0.,0.));
#2116=DIRECTION('center_axis',(0.,0.,1.));
#2117=DIRECTION('ref_axis',(1.,0.,0.));
#2118=DIRECTION('center_axis',(0.,0.,1.));
#2119=DIRECTION('ref_axis',(1.,0.,0.));
#2120=DIRECTION('center_axis',(0.,0.,-1.));
#2121=DIRECTION('ref_axis',(1.,0.,0.));
#2122=DIRECTION('',(0.,0.,-1.));
#2123=DIRECTION('center_axis',(0.,0.,-1.));
#2124=DIRECTION('ref_axis',(1.,0.,0.));
#2125=DIRECTION('center_axis',(0.,0.,1.));
#2126=DIRECTION('ref_axis',(1.,0.,0.));
#2127=DIRECTION('center_axis',(0.,0.,1.));
#2128=DIRECTION('ref_axis',(1.,0.,0.));
#2129=DIRECTION('center_axis',(-5.0704352976219E-17,-0.989525789068969,
0.144356201000973));
#2130=DIRECTION('ref_axis',(-0.707106781186547,-0.10207524863411,-0.699700395609639));
#2131=DIRECTION('center_axis',(-3.20535156197393E-16,-0.98952578906897,
0.144356201000972));
#2132=DIRECTION('ref_axis',(-1.,0.,-2.22044604925031E-15));
#2133=DIRECTION('',(-5.0704352976219E-17,-0.989525789068969,0.144356201000973));
#2134=DIRECTION('center_axis',(8.01337890493486E-17,0.98952578906897,-0.144356201000973));
#2135=DIRECTION('ref_axis',(0.,-0.144356201000973,-0.98952578906897));
#2136=DIRECTION('',(5.0704352976219E-17,0.989525789068969,-0.144356201000973));
#2137=DIRECTION('center_axis',(-1.,3.05311331771919E-15,-4.45401064469577E-16));
#2138=DIRECTION('ref_axis',(0.,-0.144356201000972,-0.98952578906897));
#2139=DIRECTION('center_axis',(-3.98374066773024E-16,-0.0871971366998957,
-0.996191075723598));
#2140=DIRECTION('ref_axis',(-3.09678395374443E-15,-0.996191075723598,0.0871971366998957));
#2141=DIRECTION('center_axis',(0.,0.144356201000973,0.989525789068969));
#2142=DIRECTION('ref_axis',(-3.07606408055728E-15,-0.989525789068969,0.144356201000973));
#2143=DIRECTION('center_axis',(1.,0.,0.));
#2144=DIRECTION('ref_axis',(0.,-0.756424550434795,-0.654080957909278));
#2145=DIRECTION('center_axis',(-1.,0.,0.));
#2146=DIRECTION('ref_axis',(0.,-0.144356201000973,-0.98952578906897));
#2147=DIRECTION('',(-1.,0.,0.));
#2148=DIRECTION('',(1.,0.,0.));
#2149=DIRECTION('center_axis',(2.4040136714806E-16,-0.989525789068968,0.144356201000981));
#2150=DIRECTION('ref_axis',(0.,-0.144356201000981,-0.989525789068968));
#2151=DIRECTION('center_axis',(-3.98374066773024E-16,-0.0871971366998956,
-0.996191075723598));
#2152=DIRECTION('ref_axis',(0.,-0.996191075723598,0.0871971366998956));
#2153=DIRECTION('center_axis',(0.,0.144356201000973,0.989525789068969));
#2154=DIRECTION('ref_axis',(-3.51550180635119E-15,-0.989525789068969,0.144356201000973));
#2155=DIRECTION('center_axis',(0.,0.989525789068969,-0.144356201000973));
#2156=DIRECTION('ref_axis',(0.707106781186552,-0.102075248634115,-0.699700395609633));
#2157=DIRECTION('center_axis',(-1.96842662792449E-15,-0.98952578906897,
0.144356201000973));
#2158=DIRECTION('ref_axis',(0.,-0.144356201000973,-0.98952578906897));
#2159=DIRECTION('',(0.,-0.989525789068969,0.144356201000973));
#2160=DIRECTION('',(0.,0.989525789068969,-0.144356201000973));
#2161=DIRECTION('center_axis',(1.,0.,0.));
#2162=DIRECTION('ref_axis',(0.,-0.144356201000973,-0.989525789068969));
#2163=DIRECTION('center_axis',(0.,-0.0871971366998953,-0.996191075723598));
#2164=DIRECTION('ref_axis',(0.,0.996191075723598,-0.0871971366998953));
#2165=DIRECTION('center_axis',(0.,0.144356201000973,0.989525789068969));
#2166=DIRECTION('ref_axis',(0.,0.989525789068969,-0.144356201000973));
#2167=DIRECTION('center_axis',(-1.,0.,0.));
#2168=DIRECTION('ref_axis',(0.,0.654080957909275,-0.756424550434797));
#2169=DIRECTION('center_axis',(1.,1.11022302462516E-15,-1.61964023443483E-16));
#2170=DIRECTION('ref_axis',(0.,-0.144356201000973,-0.989525789068969));
#2171=DIRECTION('',(1.,0.,0.));
#2172=DIRECTION('',(-1.,0.,0.));
#2173=DIRECTION('center_axis',(3.87233075382446E-17,-0.0871971366998957,
-0.996191075723598));
#2174=DIRECTION('ref_axis',(-6.63596561516665E-16,0.996191075723598,-0.0871971366998956));
#2175=DIRECTION('center_axis',(0.,0.144356201000973,0.989525789068969));
#2176=DIRECTION('ref_axis',(-8.78875451587797E-16,0.989525789068969,-0.144356201000973));
#2177=DIRECTION('center_axis',(0.,0.,-1.));
#2178=DIRECTION('ref_axis',(0.,1.,0.));
#2179=DIRECTION('',(0.,0.,-1.));
#2180=DIRECTION('',(0.,0.,-1.));
#2181=DIRECTION('center_axis',(0.,1.,0.));
#2182=DIRECTION('ref_axis',(1.,0.,0.));
#2183=DIRECTION('',(0.,0.,-1.));
#2184=DIRECTION('center_axis',(0.,0.,-1.));
#2185=DIRECTION('ref_axis',(-1.,-8.88178419700126E-16,0.));
#2186=DIRECTION('',(0.,0.,-1.));
#2187=DIRECTION('center_axis',(-1.,5.12410626750072E-17,0.));
#2188=DIRECTION('ref_axis',(5.12410626750072E-17,1.,0.));
#2189=DIRECTION('',(0.,0.,-1.));
#2190=DIRECTION('center_axis',(0.,0.144356201000973,0.989525789068969));
#2191=DIRECTION('ref_axis',(1.,0.,0.));
#2192=DIRECTION('center_axis',(0.,-0.144356201000973,-0.989525789068969));
#2193=DIRECTION('ref_axis',(0.,-0.989525789068969,0.144356201000973));
#2194=DIRECTION('center_axis',(0.,-0.144356201000973,-0.989525789068969));
#2195=DIRECTION('ref_axis',(0.,-0.989525789068969,0.144356201000973));
#2196=DIRECTION('center_axis',(0.,-0.144356201000973,-0.989525789068969));
#2197=DIRECTION('ref_axis',(0.,-0.989525789068969,0.144356201000973));
#2198=DIRECTION('center_axis',(0.,-0.144356201000973,-0.989525789068969));
#2199=DIRECTION('ref_axis',(0.,-0.989525789068969,0.144356201000973));
#2200=DIRECTION('center_axis',(0.,-0.144356201000973,-0.989525789068969));
#2201=DIRECTION('ref_axis',(0.,-0.989525789068969,0.144356201000973));
#2202=DIRECTION('center_axis',(0.,-0.144356201000973,-0.989525789068969));
#2203=DIRECTION('ref_axis',(0.,-0.989525789068969,0.144356201000973));
#2204=DIRECTION('center_axis',(0.,-0.144356201000973,-0.989525789068969));
#2205=DIRECTION('ref_axis',(0.,-0.989525789068969,0.144356201000973));
#2206=DIRECTION('center_axis',(0.,-0.144356201000973,-0.989525789068969));
#2207=DIRECTION('ref_axis',(0.,-0.989525789068969,0.144356201000973));
#2208=DIRECTION('center_axis',(0.,-0.144356201000973,-0.989525789068969));
#2209=DIRECTION('ref_axis',(0.,-0.989525789068969,0.144356201000973));
#2210=DIRECTION('center_axis',(0.,-0.144356201000973,-0.989525789068969));
#2211=DIRECTION('ref_axis',(0.,-0.989525789068969,0.144356201000973));
#2212=DIRECTION('center_axis',(0.,0.,-1.));
#2213=DIRECTION('ref_axis',(1.,-3.5527136788005E-15,0.));
#2214=DIRECTION('',(0.,0.,-1.));
#2215=DIRECTION('',(0.,0.,-1.));
#2216=DIRECTION('center_axis',(1.,0.,0.));
#2217=DIRECTION('ref_axis',(0.,-1.,0.));
#2218=DIRECTION('center_axis',(0.,0.,-1.));
#2219=DIRECTION('ref_axis',(-3.10862446895043E-15,-1.,0.));
#2220=DIRECTION('',(0.,0.,-1.));
#2221=DIRECTION('center_axis',(0.,-1.,0.));
#2222=DIRECTION('ref_axis',(-1.,0.,0.));
#2223=DIRECTION('center_axis',(1.,0.,0.));
#2224=DIRECTION('ref_axis',(0.,-1.,0.));
#2225=DIRECTION('',(0.,-1.,0.));
#2226=DIRECTION('',(0.,0.,-1.));
#2227=DIRECTION('',(0.,-1.,0.));
#2228=DIRECTION('',(0.,0.,-1.));
#2229=DIRECTION('center_axis',(0.,0.,-1.));
#2230=DIRECTION('ref_axis',(-1.,0.,0.));
#2231=DIRECTION('',(-1.,0.,0.));
#2232=DIRECTION('center_axis',(0.,1.,0.));
#2233=DIRECTION('ref_axis',(1.,0.,0.));
#2234=DIRECTION('',(1.,0.,0.));
#2235=DIRECTION('center_axis',(0.,-1.,0.));
#2236=DIRECTION('ref_axis',(-1.,0.,0.));
#2237=DIRECTION('',(-1.,0.,0.));
#2238=DIRECTION('center_axis',(1.,0.,0.));
#2239=DIRECTION('ref_axis',(0.,-1.,0.));
#2240=DIRECTION('',(0.,0.,-1.));
#2241=DIRECTION('',(0.,-1.,0.));
#2242=DIRECTION('',(0.,0.,-1.));
#2243=DIRECTION('center_axis',(0.,1.,0.));
#2244=DIRECTION('ref_axis',(1.,0.,0.));
#2245=DIRECTION('',(0.,0.,-1.));
#2246=DIRECTION('',(1.,0.,0.));
#2247=DIRECTION('center_axis',(-1.,0.,0.));
#2248=DIRECTION('ref_axis',(0.,1.,0.));
#2249=DIRECTION('',(0.,1.,0.));
#2250=DIRECTION('center_axis',(0.,-1.,0.));
#2251=DIRECTION('ref_axis',(-1.,0.,0.));
#2252=DIRECTION('',(-1.,0.,0.));
#2253=DIRECTION('center_axis',(0.,0.,-1.));
#2254=DIRECTION('ref_axis',(-1.,0.,0.));
#2255=DIRECTION('center_axis',(0.,0.,-1.));
#2256=DIRECTION('ref_axis',(1.,0.,0.));
#2257=DIRECTION('',(0.,0.,-1.));
#2258=DIRECTION('center_axis',(0.,0.,-1.));
#2259=DIRECTION('ref_axis',(1.,0.,0.));
#2260=DIRECTION('',(0.,0.,-1.));
#2261=DIRECTION('center_axis',(0.,0.,-1.));
#2262=DIRECTION('ref_axis',(1.,0.,0.));
#2263=DIRECTION('',(0.,0.,-1.));
#2264=DIRECTION('center_axis',(0.,0.,-1.));
#2265=DIRECTION('ref_axis',(1.,0.,0.));
#2266=DIRECTION('',(0.,0.,-1.));
#2267=DIRECTION('center_axis',(0.,0.,-1.));
#2268=DIRECTION('ref_axis',(1.,0.,0.));
#2269=DIRECTION('',(0.,0.,-1.));
#2270=DIRECTION('center_axis',(0.,0.,-1.));
#2271=DIRECTION('ref_axis',(1.,0.,0.));
#2272=DIRECTION('',(0.,0.,-1.));
#2273=DIRECTION('center_axis',(0.,0.,-1.));
#2274=DIRECTION('ref_axis',(1.,0.,0.));
#2275=DIRECTION('',(0.,0.,-1.));
#2276=DIRECTION('center_axis',(0.,0.,-1.));
#2277=DIRECTION('ref_axis',(1.,0.,0.));
#2278=DIRECTION('',(0.,0.,-1.));
#2279=DIRECTION('center_axis',(0.,0.,-1.));
#2280=DIRECTION('ref_axis',(1.,0.,0.));
#2281=DIRECTION('',(0.,0.,-1.));
#2282=DIRECTION('center_axis',(0.,0.,-1.));
#2283=DIRECTION('ref_axis',(1.,0.,0.));
#2284=DIRECTION('',(0.,0.,-1.));
#2285=DIRECTION('axis',(0.,0.,1.));
#2286=DIRECTION('refdir',(1.,0.,0.));
#2287=DIRECTION('center_axis',(0.,-1.,0.));
#2288=DIRECTION('ref_axis',(0.,0.,-1.));
#2289=DIRECTION('',(0.,0.,1.));
#2290=DIRECTION('',(1.,0.,0.));
#2291=DIRECTION('',(0.,0.,-1.));
#2292=DIRECTION('',(-1.,0.,0.));
#2293=DIRECTION('center_axis',(0.,0.,-1.));
#2294=DIRECTION('ref_axis',(-1.,0.,0.));
#2295=DIRECTION('',(0.,-1.,0.));
#2296=DIRECTION('',(-1.,0.,0.));
#2297=DIRECTION('',(0.,1.,0.));
#2298=DIRECTION('center_axis',(-1.,0.,0.));
#2299=DIRECTION('ref_axis',(0.,0.,1.));
#2300=DIRECTION('',(0.,1.,0.));
#2301=DIRECTION('',(0.,0.,-1.));
#2302=DIRECTION('center_axis',(0.,1.,0.));
#2303=DIRECTION('ref_axis',(0.,0.,1.));
#2304=DIRECTION('',(1.,0.,0.));
#2305=DIRECTION('',(0.,0.,1.));
#2306=DIRECTION('center_axis',(0.,0.,1.));
#2307=DIRECTION('ref_axis',(1.,0.,0.));
#2308=DIRECTION('',(5.12410626750072E-17,1.,0.));
#2309=DIRECTION('center_axis',(0.,0.,-1.));
#2310=DIRECTION('ref_axis',(-1.,-8.88178419700126E-16,0.));
#2311=DIRECTION('',(1.,0.,0.));
#2312=DIRECTION('center_axis',(0.,0.,-1.));
#2313=DIRECTION('ref_axis',(0.,1.,0.));
#2314=DIRECTION('',(0.,-1.,0.));
#2315=DIRECTION('center_axis',(0.,0.,-1.));
#2316=DIRECTION('ref_axis',(1.,-3.5527136788005E-15,0.));
#2317=DIRECTION('',(-1.,0.,0.));
#2318=DIRECTION('center_axis',(0.,0.,-1.));
#2319=DIRECTION('ref_axis',(-3.10862446895043E-15,-1.,0.));
#2320=DIRECTION('',(5.12410626750072E-17,1.,0.));
#2321=DIRECTION('',(0.,1.,0.));
#2322=DIRECTION('',(-1.,0.,0.));
#2323=DIRECTION('',(0.,-1.,0.));
#2324=DIRECTION('',(1.,0.,0.));
#2325=DIRECTION('center_axis',(0.,0.,-1.));
#2326=DIRECTION('ref_axis',(1.,0.,0.));
#2327=DIRECTION('center_axis',(0.,0.,-1.));
#2328=DIRECTION('ref_axis',(1.,0.,0.));
#2329=DIRECTION('center_axis',(0.,0.,-1.));
#2330=DIRECTION('ref_axis',(1.,0.,0.));
#2331=DIRECTION('center_axis',(0.,0.,-1.));
#2332=DIRECTION('ref_axis',(1.,0.,0.));
#2333=DIRECTION('center_axis',(0.,0.,-1.));
#2334=DIRECTION('ref_axis',(1.,0.,0.));
#2335=DIRECTION('center_axis',(0.,0.,-1.));
#2336=DIRECTION('ref_axis',(1.,0.,0.));
#2337=DIRECTION('center_axis',(0.,0.,-1.));
#2338=DIRECTION('ref_axis',(1.,0.,0.));
#2339=DIRECTION('center_axis',(0.,0.,-1.));
#2340=DIRECTION('ref_axis',(1.,0.,0.));
#2341=DIRECTION('center_axis',(0.,0.,-1.));
#2342=DIRECTION('ref_axis',(1.,0.,0.));
#2343=DIRECTION('center_axis',(0.,0.,-1.));
#2344=DIRECTION('ref_axis',(1.,0.,0.));
#2345=DIRECTION('center_axis',(-1.,0.,0.));
#2346=DIRECTION('ref_axis',(0.,-1.,0.));
#2347=DIRECTION('',(0.,0.,1.));
#2348=DIRECTION('',(0.,-1.,0.));
#2349=DIRECTION('',(0.,0.,1.));
#2350=DIRECTION('center_axis',(0.,-1.,0.));
#2351=DIRECTION('ref_axis',(1.,0.,0.));
#2352=DIRECTION('',(1.,0.,0.));
#2353=DIRECTION('',(0.,0.,1.));
#2354=DIRECTION('center_axis',(1.,0.,0.));
#2355=DIRECTION('ref_axis',(0.,1.,0.));
#2356=DIRECTION('',(0.,1.,0.));
#2357=DIRECTION('',(0.,0.,1.));
#2358=DIRECTION('center_axis',(0.,1.,0.));
#2359=DIRECTION('ref_axis',(-1.,0.,0.));
#2360=DIRECTION('',(-1.,0.,0.));
#2361=DIRECTION('center_axis',(0.,0.,1.));
#2362=DIRECTION('ref_axis',(1.,0.,0.));
#2363=DIRECTION('center_axis',(0.,0.,-1.));
#2364=DIRECTION('ref_axis',(1.,0.,0.));
#2365=DIRECTION('',(0.,0.,-1.));
#2366=DIRECTION('center_axis',(0.,0.,1.));
#2367=DIRECTION('ref_axis',(1.,0.,0.));
#2368=DIRECTION('center_axis',(0.,0.,-1.));
#2369=DIRECTION('ref_axis',(1.,0.,0.));
#2370=DIRECTION('',(0.,0.,-1.));
#2371=DIRECTION('center_axis',(0.,0.,1.));
#2372=DIRECTION('ref_axis',(1.,0.,0.));
#2373=DIRECTION('center_axis',(0.,0.,-1.));
#2374=DIRECTION('ref_axis',(1.,0.,0.));
#2375=DIRECTION('',(0.,0.,-1.));
#2376=DIRECTION('center_axis',(0.,0.,1.));
#2377=DIRECTION('ref_axis',(1.,0.,0.));
#2378=DIRECTION('center_axis',(0.,0.,-1.));
#2379=DIRECTION('ref_axis',(1.,0.,0.));
#2380=DIRECTION('',(0.,0.,-1.));
#2381=DIRECTION('center_axis',(0.,0.,1.));
#2382=DIRECTION('ref_axis',(1.,0.,0.));
#2383=DIRECTION('center_axis',(0.,0.,-1.));
#2384=DIRECTION('ref_axis',(1.,0.,0.));
#2385=DIRECTION('',(0.,0.,-1.));
#2386=DIRECTION('center_axis',(0.,0.,1.));
#2387=DIRECTION('ref_axis',(1.,0.,0.));
#2388=DIRECTION('center_axis',(0.,0.,-1.));
#2389=DIRECTION('ref_axis',(1.,0.,0.));
#2390=DIRECTION('',(0.,0.,-1.));
#2391=DIRECTION('center_axis',(0.,0.,1.));
#2392=DIRECTION('ref_axis',(1.,0.,0.));
#2393=DIRECTION('center_axis',(0.,0.,-1.));
#2394=DIRECTION('ref_axis',(1.,0.,0.));
#2395=DIRECTION('',(0.,0.,-1.));
#2396=DIRECTION('center_axis',(0.,0.,1.));
#2397=DIRECTION('ref_axis',(1.,0.,0.));
#2398=DIRECTION('center_axis',(0.,0.,-1.));
#2399=DIRECTION('ref_axis',(1.,0.,0.));
#2400=DIRECTION('',(0.,0.,-1.));
#2401=DIRECTION('center_axis',(0.,0.,1.));
#2402=DIRECTION('ref_axis',(1.,0.,0.));
#2403=DIRECTION('center_axis',(0.,0.,-1.));
#2404=DIRECTION('ref_axis',(1.,0.,0.));
#2405=DIRECTION('',(0.,0.,-1.));
#2406=DIRECTION('center_axis',(0.,0.,1.));
#2407=DIRECTION('ref_axis',(1.,0.,0.));
#2408=DIRECTION('center_axis',(0.,0.,-1.));
#2409=DIRECTION('ref_axis',(1.,0.,0.));
#2410=DIRECTION('',(0.,0.,-1.));
#2411=DIRECTION('center_axis',(0.,0.,1.));
#2412=DIRECTION('ref_axis',(-3.10862446895043E-15,-1.,0.));
#2413=DIRECTION('',(0.,0.,1.));
#2414=DIRECTION('center_axis',(0.,0.,1.));
#2415=DIRECTION('ref_axis',(-3.10862446895043E-15,-1.,0.));
#2416=DIRECTION('',(0.,0.,1.));
#2417=DIRECTION('center_axis',(-1.,5.12410626750072E-17,0.));
#2418=DIRECTION('ref_axis',(-5.12410626750072E-17,-1.,0.));
#2419=DIRECTION('',(-5.12410626750072E-17,-1.,0.));
#2420=DIRECTION('',(0.,0.,1.));
#2421=DIRECTION('center_axis',(0.,0.,1.));
#2422=DIRECTION('ref_axis',(-1.,-8.88178419700126E-16,0.));
#2423=DIRECTION('center_axis',(0.,0.,1.));
#2424=DIRECTION('ref_axis',(-1.,-8.88178419700126E-16,0.));
#2425=DIRECTION('',(0.,0.,1.));
#2426=DIRECTION('center_axis',(0.,1.,0.));
#2427=DIRECTION('ref_axis',(-1.,0.,0.));
#2428=DIRECTION('',(-1.,0.,0.));
#2429=DIRECTION('',(0.,0.,1.));
#2430=DIRECTION('center_axis',(0.,0.,1.));
#2431=DIRECTION('ref_axis',(0.,1.,0.));
#2432=DIRECTION('center_axis',(0.,0.,1.));
#2433=DIRECTION('ref_axis',(0.,1.,0.));
#2434=DIRECTION('',(0.,0.,1.));
#2435=DIRECTION('center_axis',(1.,0.,0.));
#2436=DIRECTION('ref_axis',(0.,1.,0.));
#2437=DIRECTION('',(0.,1.,0.));
#2438=DIRECTION('',(0.,0.,1.));
#2439=DIRECTION('center_axis',(0.,0.,1.));
#2440=DIRECTION('ref_axis',(1.,-3.5527136788005E-15,0.));
#2441=DIRECTION('center_axis',(0.,0.,1.));
#2442=DIRECTION('ref_axis',(1.,-3.5527136788005E-15,0.));
#2443=DIRECTION('',(0.,0.,1.));
#2444=DIRECTION('center_axis',(0.,-1.,0.));
#2445=DIRECTION('ref_axis',(1.,0.,0.));
#2446=DIRECTION('',(1.,0.,0.));
#2447=DIRECTION('center_axis',(0.,0.,1.));
#2448=DIRECTION('ref_axis',(1.,0.,0.));
#2449=DIRECTION('',(0.,0.,1.));
#2450=DIRECTION('',(1.,0.,0.));
#2451=DIRECTION('',(0.,0.,1.));
#2452=DIRECTION('',(1.,0.,0.));
#2453=CARTESIAN_POINT('',(0.,0.,0.));
#2454=CARTESIAN_POINT('',(0.,0.,0.));
#2455=CARTESIAN_POINT('Origin',(306.4,-43.2,0.));
#2456=CARTESIAN_POINT('',(306.4,-43.2,-4.4));
#2457=CARTESIAN_POINT('',(3.2,-43.2,-4.4));
#2458=CARTESIAN_POINT('',(230.6,-43.2,-4.4));
#2459=CARTESIAN_POINT('',(306.4,-43.2,-17.4));
#2460=CARTESIAN_POINT('',(306.4,-43.2,0.));
#2461=CARTESIAN_POINT('',(3.2,-43.2,-17.4));
#2462=CARTESIAN_POINT('',(3.2,-43.2,-17.4));
#2463=CARTESIAN_POINT('',(3.2,-43.2,0.));
#2464=CARTESIAN_POINT('Origin',(81.4000000596047,-30.,-15.9));
#2465=CARTESIAN_POINT('',(3.2,-31.5,-15.9));
#2466=CARTESIAN_POINT('',(3.2,-30.,-17.4));
#2467=CARTESIAN_POINT('Origin',(3.2,-30.,-15.9));
#2468=CARTESIAN_POINT('',(-10.,-30.,-17.4));
#2469=CARTESIAN_POINT('',(81.4000000596047,-30.,-17.4));
#2470=CARTESIAN_POINT('',(-10.,-31.5,-15.9));
#2471=CARTESIAN_POINT('Origin',(-10.,-30.,-15.9));
#2472=CARTESIAN_POINT('',(81.4000000596047,-31.5,-15.9));
#2473=CARTESIAN_POINT('Origin',(154.8,-22.7,-17.4));
#2474=CARTESIAN_POINT('',(3.2,-118.8,-17.4));
#2475=CARTESIAN_POINT('',(306.4,-4.2,-17.4));
#2476=CARTESIAN_POINT('',(306.4,-41.2,-17.4));
#2477=CARTESIAN_POINT('',(3.2,-4.2,-17.4));
#2478=CARTESIAN_POINT('',(3.2,-4.2,-17.4));
#2479=CARTESIAN_POINT('',(3.2,-23.,-17.4));
#2480=CARTESIAN_POINT('',(3.2,-118.8,-17.4));
#2481=CARTESIAN_POINT('',(-10.,-23.,-17.4));
#2482=CARTESIAN_POINT('',(72.3999999254942,-23.,-17.4));
#2483=CARTESIAN_POINT('',(-10.,-75.75,-17.4));
#2484=CARTESIAN_POINT('Origin',(72.3999999254942,-23.,-15.9));
#2485=CARTESIAN_POINT('',(3.2,-21.5,-15.9));
#2486=CARTESIAN_POINT('Origin',(3.2,-23.,-15.9));
#2487=CARTESIAN_POINT('',(-10.,-21.5,-15.9));
#2488=CARTESIAN_POINT('',(72.3999999254942,-21.5,-15.9));
#2489=CARTESIAN_POINT('Origin',(-10.,-23.,-15.9));
#2490=CARTESIAN_POINT('Origin',(-10.0000001490116,-21.5,0.));
#2491=CARTESIAN_POINT('',(3.2,-21.5,-2.2));
#2492=CARTESIAN_POINT('',(3.2,-21.5,0.));
#2493=CARTESIAN_POINT('',(0.,-21.5,-2.2));
#2494=CARTESIAN_POINT('',(72.4999999254942,-21.5,-2.2));
#2495=CARTESIAN_POINT('',(0.,-21.5,0.));
#2496=CARTESIAN_POINT('',(0.,-21.5,0.));
#2497=CARTESIAN_POINT('',(-10.0000001490116,-21.5,0.));
#2498=CARTESIAN_POINT('',(-7.50000011175871,-21.5,0.));
#2499=CARTESIAN_POINT('',(-10.,-21.5,0.));
#2500=CARTESIAN_POINT('Origin',(8.00000011920929,-31.5,0.));
#2501=CARTESIAN_POINT('',(-10.0000001490116,-31.5,0.));
#2502=CARTESIAN_POINT('',(-10.,-31.5,0.));
#2503=CARTESIAN_POINT('',(0.,-31.5,0.));
#2504=CARTESIAN_POINT('',(1.50000002235174,-31.5,0.));
#2505=CARTESIAN_POINT('',(0.,-31.5,-2.2));
#2506=CARTESIAN_POINT('',(0.,-31.5,0.));
#2507=CARTESIAN_POINT('',(3.2,-31.5,-2.2));
#2508=CARTESIAN_POINT('',(81.5000000596046,-31.5,-2.2));
#2509=CARTESIAN_POINT('',(3.2,-31.5,0.));
#2510=CARTESIAN_POINT('Origin',(-5.00000007450581,5.00000007450581,0.));
#2511=CARTESIAN_POINT('',(0.,0.,0.));
#2512=CARTESIAN_POINT('',(0.,-57.4999999627471,0.));
#2513=CARTESIAN_POINT('',(310.,0.,0.));
#2514=CARTESIAN_POINT('',(-2.5000000372529,0.,0.));
#2515=CARTESIAN_POINT('',(310.,-120.,0.));
#2516=CARTESIAN_POINT('',(310.,2.5000000372529,0.));
#2517=CARTESIAN_POINT('',(0.,-120.,0.));
#2518=CARTESIAN_POINT('',(152.499999962747,-120.,0.));
#2519=CARTESIAN_POINT('',(0.,-57.4999999627471,0.));
#2520=CARTESIAN_POINT('',(-10.,-125.,0.));
#2521=CARTESIAN_POINT('',(-10.,-125.,0.));
#2522=CARTESIAN_POINT('',(-5.,-130.,0.));
#2523=CARTESIAN_POINT('Origin',(-4.99999999999998,-125.,0.));
#2524=CARTESIAN_POINT('',(315.,-130.,0.));
#2525=CARTESIAN_POINT('',(315.,-130.,0.));
#2526=CARTESIAN_POINT('',(320.,-125.,0.));
#2527=CARTESIAN_POINT('Origin',(315.,-125.,0.));
#2528=CARTESIAN_POINT('',(320.,5.,0.));
#2529=CARTESIAN_POINT('',(320.,5.,0.));
#2530=CARTESIAN_POINT('',(315.,10.,0.));
#2531=CARTESIAN_POINT('Origin',(315.,4.99999999999998,0.));
#2532=CARTESIAN_POINT('',(-5.,10.,0.));
#2533=CARTESIAN_POINT('',(-5.,10.,0.));
#2534=CARTESIAN_POINT('',(-10.,5.,0.));
#2535=CARTESIAN_POINT('Origin',(-5.,5.,0.));
#2536=CARTESIAN_POINT('',(-10.,-125.,0.));
#2537=CARTESIAN_POINT('',(-8.00000007450581,-59.9999999254942,0.));
#2538=CARTESIAN_POINT('Origin',(-5.00000007450581,-59.9999999254942,0.));
#2539=CARTESIAN_POINT('',(312.,-125.,0.));
#2540=CARTESIAN_POINT('Origin',(315.,-125.,0.));
#2541=CARTESIAN_POINT('',(97.,5.,0.));
#2542=CARTESIAN_POINT('Origin',(100.,5.,0.));
#2543=CARTESIAN_POINT('',(207.,5.00000007450581,0.));
#2544=CARTESIAN_POINT('Origin',(210.,5.00000007450581,0.));
#2545=CARTESIAN_POINT('',(207.,-124.999999925494,0.));
#2546=CARTESIAN_POINT('Origin',(210.,-124.999999925494,0.));
#2547=CARTESIAN_POINT('',(-8.00000007450581,-124.999999925494,0.));
#2548=CARTESIAN_POINT('Origin',(-5.00000007450581,-124.999999925494,0.));
#2549=CARTESIAN_POINT('',(311.999999925494,-59.9999999254942,0.));
#2550=CARTESIAN_POINT('Origin',(314.999999925494,-59.9999999254942,0.));
#2551=CARTESIAN_POINT('',(-8.00000007450581,5.00000007450581,0.));
#2552=CARTESIAN_POINT('Origin',(-5.00000007450581,5.00000007450581,0.));
#2553=CARTESIAN_POINT('',(312.,5.,0.));
#2554=CARTESIAN_POINT('Origin',(315.,5.,0.));
#2555=CARTESIAN_POINT('',(97.,-125.,0.));
#2556=CARTESIAN_POINT('Origin',(100.,-125.,0.));
#2557=CARTESIAN_POINT('Origin',(3.2,-118.8,0.));
#2558=CARTESIAN_POINT('',(3.2,-118.8,-2.2));
#2559=CARTESIAN_POINT('',(3.2,-89.4,-2.2));
#2560=CARTESIAN_POINT('',(3.2,-118.8,-4.4));
#2561=CARTESIAN_POINT('',(3.2,-118.8,0.));
#2562=CARTESIAN_POINT('',(3.2,-118.8,-4.4));
#2563=CARTESIAN_POINT('Origin',(3.2,-118.8,0.));
#2564=CARTESIAN_POINT('',(3.2,-4.2,-2.2));
#2565=CARTESIAN_POINT('',(3.2,-4.2,0.));
#2566=CARTESIAN_POINT('',(3.2,-89.4,-2.2));
#2567=CARTESIAN_POINT('Origin',(0.,-120.,0.));
#2568=CARTESIAN_POINT('',(0.,-120.,-2.2));
#2569=CARTESIAN_POINT('',(0.,-120.,0.));
#2570=CARTESIAN_POINT('',(0.,-120.,-2.2));
#2571=CARTESIAN_POINT('Origin',(100.,-125.,0.));
#2572=CARTESIAN_POINT('',(97.,-125.,-5.));
#2573=CARTESIAN_POINT('',(97.,-125.,0.));
#2574=CARTESIAN_POINT('Origin',(100.,-125.,-5.));
#2575=CARTESIAN_POINT('Origin',(100.,-125.,-5.));
#2576=CARTESIAN_POINT('',(98.3,-125.,-5.));
#2577=CARTESIAN_POINT('Origin',(100.,-125.,-5.));
#2578=CARTESIAN_POINT('Origin',(315.,5.,0.));
#2579=CARTESIAN_POINT('',(312.,5.,-5.));
#2580=CARTESIAN_POINT('',(312.,5.,0.));
#2581=CARTESIAN_POINT('Origin',(315.,5.,-5.));
#2582=CARTESIAN_POINT('Origin',(315.,5.,-5.));
#2583=CARTESIAN_POINT('',(313.3,5.,-5.));
#2584=CARTESIAN_POINT('Origin',(315.,5.,-5.));
#2585=CARTESIAN_POINT('Origin',(-5.00000007450581,5.00000007450581,0.));
#2586=CARTESIAN_POINT('',(-8.00000007450581,5.00000007450581,-5.));
#2587=CARTESIAN_POINT('',(-8.00000007450581,5.00000007450581,0.));
#2588=CARTESIAN_POINT('Origin',(-5.00000007450581,5.00000007450581,-5.));
#2589=CARTESIAN_POINT('Origin',(-5.00000007450581,5.00000007450581,-5.));
#2590=CARTESIAN_POINT('',(-6.70000007450581,5.00000007450581,-5.));
#2591=CARTESIAN_POINT('Origin',(-5.00000007450581,5.00000007450581,-5.));
#2592=CARTESIAN_POINT('Origin',(314.999999925494,-59.9999999254942,0.));
#2593=CARTESIAN_POINT('',(311.999999925494,-59.9999999254942,-5.));
#2594=CARTESIAN_POINT('',(311.999999925494,-59.9999999254942,0.));
#2595=CARTESIAN_POINT('Origin',(314.999999925494,-59.9999999254942,-5.));
#2596=CARTESIAN_POINT('Origin',(314.999999925494,-59.9999999254942,-5.));
#2597=CARTESIAN_POINT('',(313.299999925494,-59.9999999254942,-5.));
#2598=CARTESIAN_POINT('Origin',(314.999999925494,-59.9999999254942,-5.));
#2599=CARTESIAN_POINT('Origin',(-5.00000007450581,-124.999999925494,0.));
#2600=CARTESIAN_POINT('',(-8.00000007450581,-124.999999925494,-5.));
#2601=CARTESIAN_POINT('',(-8.00000007450581,-124.999999925494,0.));
#2602=CARTESIAN_POINT('Origin',(-5.00000007450581,-124.999999925494,-5.));
#2603=CARTESIAN_POINT('Origin',(-5.00000007450581,-124.999999925494,-5.));
#2604=CARTESIAN_POINT('',(-6.70000007450581,-124.999999925494,-5.));
#2605=CARTESIAN_POINT('Origin',(-5.00000007450581,-124.999999925494,-5.));
#2606=CARTESIAN_POINT('Origin',(210.,-124.999999925494,0.));
#2607=CARTESIAN_POINT('',(207.,-124.999999925494,-5.));
#2608=CARTESIAN_POINT('',(207.,-124.999999925494,0.));
#2609=CARTESIAN_POINT('Origin',(210.,-124.999999925494,-5.));
#2610=CARTESIAN_POINT('Origin',(210.,-124.999999925494,-5.));
#2611=CARTESIAN_POINT('',(208.3,-124.999999925494,-5.));
#2612=CARTESIAN_POINT('Origin',(210.,-124.999999925494,-5.));
#2613=CARTESIAN_POINT('Origin',(210.,5.00000007450581,0.));
#2614=CARTESIAN_POINT('',(207.,5.00000007450581,-5.));
#2615=CARTESIAN_POINT('',(207.,5.00000007450581,0.));
#2616=CARTESIAN_POINT('Origin',(210.,5.00000007450581,-5.));
#2617=CARTESIAN_POINT('Origin',(210.,5.00000007450581,-5.));
#2618=CARTESIAN_POINT('',(208.3,5.00000007450581,-5.));
#2619=CARTESIAN_POINT('Origin',(210.,5.00000007450581,-5.));
#2620=CARTESIAN_POINT('Origin',(100.,5.,0.));
#2621=CARTESIAN_POINT('',(97.,5.,-5.));
#2622=CARTESIAN_POINT('',(97.,5.,0.));
#2623=CARTESIAN_POINT('Origin',(100.,5.,-5.));
#2624=CARTESIAN_POINT('Origin',(100.,5.,-5.));
#2625=CARTESIAN_POINT('',(98.3,5.,-5.));
#2626=CARTESIAN_POINT('Origin',(100.,5.,-5.));
#2627=CARTESIAN_POINT('Origin',(315.,-125.,0.));
#2628=CARTESIAN_POINT('',(312.,-125.,-5.));
#2629=CARTESIAN_POINT('',(312.,-125.,0.));
#2630=CARTESIAN_POINT('Origin',(315.,-125.,-5.));
#2631=CARTESIAN_POINT('Origin',(315.,-125.,-5.));
#2632=CARTESIAN_POINT('',(313.3,-125.,-5.));
#2633=CARTESIAN_POINT('Origin',(315.,-125.,-5.));
#2634=CARTESIAN_POINT('Origin',(-5.00000007450581,-59.9999999254942,0.));
#2635=CARTESIAN_POINT('',(-8.00000007450581,-59.9999999254942,-5.));
#2636=CARTESIAN_POINT('',(-8.00000007450581,-59.9999999254942,0.));
#2637=CARTESIAN_POINT('Origin',(-5.00000007450581,-59.9999999254942,-5.));
#2638=CARTESIAN_POINT('Origin',(-5.00000007450581,-59.9999999254942,-5.));
#2639=CARTESIAN_POINT('',(-6.70000007450581,-59.9999999254942,-5.));
#2640=CARTESIAN_POINT('Origin',(-5.00000007450581,-59.9999999254942,-5.));
#2641=CARTESIAN_POINT('Origin',(-8.00000000000001,-92.5642067756693,-10.4401214490076));
#2642=CARTESIAN_POINT('',(-10.,5.,-24.6731999593317));
#2643=CARTESIAN_POINT('',(-8.,4.71128759799806,-26.6522515374696));
#2644=CARTESIAN_POINT('Origin',(-8.,5.,-24.6731999593317));
#2645=CARTESIAN_POINT('',(-8.00000000000001,-125.288712402002,-7.68730253115475));
#2646=CARTESIAN_POINT('',(-8.00000000000001,-92.8529191776713,-12.4191730271456));
#2647=CARTESIAN_POINT('',(-10.,-125.,-5.70825095301681));
#2648=CARTESIAN_POINT('Origin',(-8.00000000000001,-125.,-5.70825095301681));
#2649=CARTESIAN_POINT('',(-10.,-92.5642067756693,-10.4401214490076));
#2650=CARTESIAN_POINT('Ctrl Pts',(-8.00000000000001,-125.288712402002,-7.68730253115475));
#2651=CARTESIAN_POINT('Ctrl Pts',(-8.00000000000001,-125.961910827771,-7.58909350180209));
#2652=CARTESIAN_POINT('Ctrl Pts',(-7.60650013231047,-127.079766051464,-7.42601606092686));
#2653=CARTESIAN_POINT('Ctrl Pts',(-6.34474648110948,-128.083394716788,-7.27960247277961));
#2654=CARTESIAN_POINT('Ctrl Pts',(-5.44879895051283,-128.288712402002,-7.24964986177825));
#2655=CARTESIAN_POINT('Ctrl Pts',(-5.,-128.288712402002,-7.24964986177825));
#2656=CARTESIAN_POINT('Ctrl Pts',(-8.59839860068378,-125.288712402002,-7.68730253115475));
#2657=CARTESIAN_POINT('Ctrl Pts',(-8.58578327814488,-126.093905289301,-7.56931578175264));
#2658=CARTESIAN_POINT('Ctrl Pts',(-8.09715193029764,-127.414630338403,-7.37715342267902));
#2659=CARTESIAN_POINT('Ctrl Pts',(-6.59073838708443,-128.587645876564,-7.20547634363696));
#2660=CARTESIAN_POINT('Ctrl Pts',(-5.53117270485739,-128.826235626917,-7.17123370369964));
#2661=CARTESIAN_POINT('Ctrl Pts',(-5.,-128.826235626917,-7.17123370369964));
#2662=CARTESIAN_POINT('Ctrl Pts',(-9.63440809929594,-125.216229977498,-7.19045357140372));
#2663=CARTESIAN_POINT('Ctrl Pts',(-9.60171764564141,-126.251520965563,-7.06173650031987));
#2664=CARTESIAN_POINT('Ctrl Pts',(-8.94698207010043,-127.930677568854,-6.85192297401336));
#2665=CARTESIAN_POINT('Ctrl Pts',(-7.01884576840485,-129.402282393853,-6.66758956188859));
#2666=CARTESIAN_POINT('Ctrl Pts',(-5.67350583411856,-129.700975669442,-6.62994623833329));
#2667=CARTESIAN_POINT('Ctrl Pts',(-5.,-129.700975669442,-6.62994623833329));
#2668=CARTESIAN_POINT('Ctrl Pts',(-10.,-125.064786911509,-6.15234908865634));
#2669=CARTESIAN_POINT('Ctrl Pts',(-9.98533390198427,-126.185807230762,-6.04507965429424));
#2670=CARTESIAN_POINT('Ctrl Pts',(-9.30898496374376,-128.028300892652,-5.86799685685536));
#2671=CARTESIAN_POINT('Ctrl Pts',(-7.2146859028816,-129.666433638354,-5.71031130990158));
#2672=CARTESIAN_POINT('Ctrl Pts',(-5.73926231128433,-130.,-5.67800799760585));
#2673=CARTESIAN_POINT('Ctrl Pts',(-5.,-130.,-5.67800799760585));
#2674=CARTESIAN_POINT('Ctrl Pts',(-10.,-125.,-5.70825095301681));
#2675=CARTESIAN_POINT('Ctrl Pts',(-10.,-126.121997376282,-5.61004192366416));
#2676=CARTESIAN_POINT('Ctrl Pts',(-9.34416688718409,-127.98508941577,-5.44696448278892));
#2677=CARTESIAN_POINT('Ctrl Pts',(-7.24124413518246,-129.657803857977,-5.30055089464167));
#2678=CARTESIAN_POINT('Ctrl Pts',(-5.74799825085471,-130.,-5.27059828364031));
#2679=CARTESIAN_POINT('Ctrl Pts',(-5.,-130.,-5.27059828364031));
#2680=CARTESIAN_POINT('',(-4.99999999999999,-128.288712402002,-7.24964986177825));
#2681=CARTESIAN_POINT('',(-5.,-130.,-5.27059828364031));
#2682=CARTESIAN_POINT('Origin',(-4.99999999999999,-128.,-5.27059828364031));
#2683=CARTESIAN_POINT('Origin',(-4.99999999999998,-125.,-5.70825095301681));
#2684=CARTESIAN_POINT('Origin',(-4.99999999999998,-125.288712402002,-7.68730253115475));
#2685=CARTESIAN_POINT('Origin',(235.,-128.,-5.27059828364031));
#2686=CARTESIAN_POINT('',(315.,-128.288712402002,-7.24964986177825));
#2687=CARTESIAN_POINT('',(315.,-130.,-5.27059828364031));
#2688=CARTESIAN_POINT('Origin',(315.,-128.,-5.27059828364031));
#2689=CARTESIAN_POINT('',(235.,-130.,-5.27059828364031));
#2690=CARTESIAN_POINT('',(235.,-128.288712402002,-7.24964986177825));
#2691=CARTESIAN_POINT('Ctrl Pts',(315.,-128.288712402002,-7.24964986177825));
#2692=CARTESIAN_POINT('Ctrl Pts',(315.673198425769,-128.288712402002,-7.24964986177825));
#2693=CARTESIAN_POINT('Ctrl Pts',(316.790977374996,-127.8950323281,-7.3070815735194));
#2694=CARTESIAN_POINT('Ctrl Pts',(317.794627843524,-126.633370087904,-7.49113818927724));
#2695=CARTESIAN_POINT('Ctrl Pts',(318.,-125.737511352515,-7.62182984491965));
#2696=CARTESIAN_POINT('Ctrl Pts',(318.,-125.288712402002,-7.68730253115475));
#2697=CARTESIAN_POINT('Ctrl Pts',(315.,-128.826235626917,-7.17123370369964));
#2698=CARTESIAN_POINT('Ctrl Pts',(315.796759057286,-128.826235626917,-7.17123370369964));
#2699=CARTESIAN_POINT('Ctrl Pts',(317.118863632643,-128.369554152545,-7.23692757365377));
#2700=CARTESIAN_POINT('Ctrl Pts',(318.328822200477,-126.888792089109,-7.4536594485752));
#2701=CARTESIAN_POINT('Ctrl Pts',(318.589988385658,-125.825507660201,-7.60864469822001));
#2702=CARTESIAN_POINT('Ctrl Pts',(318.598398600684,-125.288712402002,-7.68730253115475));
#2703=CARTESIAN_POINT('Ctrl Pts',(315.,-129.700890872355,-6.62985987804142));
#2704=CARTESIAN_POINT('Ctrl Pts',(316.010258751178,-129.700890872355,-6.62985987804142));
#2705=CARTESIAN_POINT('Ctrl Pts',(317.690119777688,-129.130561482319,-6.70172485495007));
#2706=CARTESIAN_POINT('Ctrl Pts',(319.254371734391,-127.264200466247,-6.93515910617502));
#2707=CARTESIAN_POINT('Ctrl Pts',(319.612502415235,-125.906404551919,-7.10450908772286));
#2708=CARTESIAN_POINT('Ctrl Pts',(319.634296051005,-125.216210559876,-7.19032046844542));
#2709=CARTESIAN_POINT('Ctrl Pts',(315.,-130.,-5.67800799760585));
#2710=CARTESIAN_POINT('Ctrl Pts',(316.108893466926,-130.,-5.67800799760585));
#2711=CARTESIAN_POINT('Ctrl Pts',(317.95012489455,-129.361426823726,-5.7398470000288));
#2712=CARTESIAN_POINT('Ctrl Pts',(319.629994613602,-127.294437658757,-5.93858246838314));
#2713=CARTESIAN_POINT('Ctrl Pts',(319.990222601323,-125.812133791011,-6.08083613241494));
#2714=CARTESIAN_POINT('Ctrl Pts',(320.,-125.064786911509,-6.15234908865634));
#2715=CARTESIAN_POINT('Ctrl Pts',(315.,-130.,-5.27059828364031));
#2716=CARTESIAN_POINT('Ctrl Pts',(316.121997376282,-130.,-5.27059828364031));
#2717=CARTESIAN_POINT('Ctrl Pts',(317.984962291659,-129.343866543497,-5.32802999538146));
#2718=CARTESIAN_POINT('Ctrl Pts',(319.65771307254,-127.24109614317,-5.51208661113931));
#2719=CARTESIAN_POINT('Ctrl Pts',(320.,-125.747998250855,-5.64277826678171));
#2720=CARTESIAN_POINT('Ctrl Pts',(320.,-125.,-5.70825095301681));
#2721=CARTESIAN_POINT('',(318.,-125.288712402002,-7.68730253115475));
#2722=CARTESIAN_POINT('',(320.,-125.,-5.70825095301681));
#2723=CARTESIAN_POINT('Origin',(318.,-125.,-5.70825095301681));
#2724=CARTESIAN_POINT('Origin',(315.,-125.,-5.70825095301681));
#2725=CARTESIAN_POINT('Origin',(315.,-125.288712402002,-7.68730253115475));
#2726=CARTESIAN_POINT('Origin',(318.,-28.9187231055525,-19.7249933896693));
#2727=CARTESIAN_POINT('',(318.,4.71128759799806,-26.6522515374696));
#2728=CARTESIAN_POINT('',(320.,5.,-24.6731999593317));
#2729=CARTESIAN_POINT('Origin',(318.,5.,-24.6731999593317));
#2730=CARTESIAN_POINT('',(320.,-28.9187231055525,-19.7249933896693));
#2731=CARTESIAN_POINT('',(318.,-29.2074355075545,-21.7040449678072));
#2732=CARTESIAN_POINT('Ctrl Pts',(318.,4.71128759799806,-26.6522515374696));
#2733=CARTESIAN_POINT('Ctrl Pts',(318.,5.3844860237673,-26.7504605668223));
#2734=CARTESIAN_POINT('Ctrl Pts',(317.606346061233,6.50227615003937,-26.9135285110109));
#2735=CARTESIAN_POINT('Ctrl Pts',(316.344670895319,7.50592338670184,-27.0599448084234));
#2736=CARTESIAN_POINT('Ctrl Pts',(315.448798950513,7.71128759799805,-27.0899042068461));
#2737=CARTESIAN_POINT('Ctrl Pts',(315.,7.71128759799805,-27.0899042068461));
#2738=CARTESIAN_POINT('Ctrl Pts',(318.299199300342,4.71128759799806,-26.6522515374696));
#2739=CARTESIAN_POINT('Ctrl Pts',(318.305377252978,5.45024441957817,-26.7600752967723));
#2740=CARTESIAN_POINT('Ctrl Pts',(317.883305399242,6.68517236632237,-26.9402061245165));
#2741=CARTESIAN_POINT('Ctrl Pts',(316.492631618172,7.80465957107355,-27.103555610528));
#2742=CARTESIAN_POINT('Ctrl Pts',(315.498224312422,8.03465683306002,-27.1370786764858));
#2743=CARTESIAN_POINT('Ctrl Pts',(315.,8.03465683306002,-27.1370786764858));
#2744=CARTESIAN_POINT('Ctrl Pts',(318.896681360634,4.73103135293686,-26.5169130168552));
#2745=CARTESIAN_POINT('Ctrl Pts',(318.915152026705,5.60218807081649,-26.6382136908348));
#2746=CARTESIAN_POINT('Ctrl Pts',(318.436337942245,7.07227076214829,-26.8427120502059));
#2747=CARTESIAN_POINT('Ctrl Pts',(316.788003014717,8.42436015430629,-27.0305434860061));
#2748=CARTESIAN_POINT('Ctrl Pts',(315.596920773507,8.70367412073579,-27.0693347421794));
#2749=CARTESIAN_POINT('Ctrl Pts',(315.,8.70367412073579,-27.0693347421794));
#2750=CARTESIAN_POINT('Ctrl Pts',(319.737527131533,4.82764689124777,-25.8546375751318));
#2751=CARTESIAN_POINT('Ctrl Pts',(319.764958602061,5.88722866118324,-25.9770033537182));
#2752=CARTESIAN_POINT('Ctrl Pts',(319.191011011108,7.68234970912077,-26.1837194173926));
#2753=CARTESIAN_POINT('Ctrl Pts',(317.184529669138,9.34094100104469,-26.3742253755252));
#2754=CARTESIAN_POINT('Ctrl Pts',(315.729245754103,9.68454673940764,-26.4136156525468));
#2755=CARTESIAN_POINT('Ctrl Pts',(315.,9.68454673940764,-26.4136156525468));
#2756=CARTESIAN_POINT('Ctrl Pts',(320.,4.93521308849075,-25.1172980949712));
#2757=CARTESIAN_POINT('Ctrl Pts',(320.01474083074,6.05637254045039,-25.2247204996918));
#2758=CARTESIAN_POINT('Ctrl Pts',(319.384869389151,7.93526367407478,-25.404297911257));
#2759=CARTESIAN_POINT('Ctrl Pts',(317.273551375566,9.64841839466239,-25.5675657432856));
#2760=CARTESIAN_POINT('Ctrl Pts',(315.759193966745,10.,-25.6010408157683));
#2761=CARTESIAN_POINT('Ctrl Pts',(315.,10.,-25.6010408157683));
#2762=CARTESIAN_POINT('Ctrl Pts',(320.,5.00000000000001,-24.6731999593317));
#2763=CARTESIAN_POINT('Ctrl Pts',(320.,6.12199737628208,-24.7714089886844));
#2764=CARTESIAN_POINT('Ctrl Pts',(319.343910102055,7.98498092006886,-24.9344769328729));
#2765=CARTESIAN_POINT('Ctrl Pts',(317.241118158864,9.65772631450632,-25.0808932302855));
#2766=CARTESIAN_POINT('Ctrl Pts',(315.747998250855,10.,-25.1108526287082));
#2767=CARTESIAN_POINT('Ctrl Pts',(315.,10.,-25.1108526287082));
#2768=CARTESIAN_POINT('',(315.,7.71128759799805,-27.0899042068461));
#2769=CARTESIAN_POINT('',(315.,10.,-25.1108526287082));
#2770=CARTESIAN_POINT('Origin',(315.,8.,-25.1108526287082));
#2771=CARTESIAN_POINT('Origin',(315.,4.99999999999998,-24.6731999593317));
#2772=CARTESIAN_POINT('Origin',(315.,4.71128759799804,-26.6522515374696));
#2773=CARTESIAN_POINT('Origin',(75.,8.,-25.1108526287082));
#2774=CARTESIAN_POINT('',(-5.,7.71128759799805,-27.0899042068461));
#2775=CARTESIAN_POINT('',(-5.,10.,-25.1108526287082));
#2776=CARTESIAN_POINT('Origin',(-5.,8.,-25.1108526287082));
#2777=CARTESIAN_POINT('',(75.,10.,-25.1108526287082));
#2778=CARTESIAN_POINT('',(75.,7.71128759799805,-27.0899042068461));
#2779=CARTESIAN_POINT('Ctrl Pts',(-5.,7.71128759799805,-27.0899042068461));
#2780=CARTESIAN_POINT('Ctrl Pts',(-5.67319842576924,7.71128759799805,-27.0899042068461));
#2781=CARTESIAN_POINT('Ctrl Pts',(-6.79121740797906,7.3181953048574,-27.0325582430447));
#2782=CARTESIAN_POINT('Ctrl Pts',(-7.79480206909739,6.05620968333514,-26.8484544510534));
#2783=CARTESIAN_POINT('Ctrl Pts',(-8.00000000000001,5.16008654851088,-26.7177242237047));
#2784=CARTESIAN_POINT('Ctrl Pts',(-8.00000000000001,4.71128759799806,-26.6522515374696));
#2785=CARTESIAN_POINT('Ctrl Pts',(-5.,8.03465683306002,-27.1370786764858));
#2786=CARTESIAN_POINT('Ctrl Pts',(-5.74733646863258,8.03465683306002,-27.1370786764858));
#2787=CARTESIAN_POINT('Ctrl Pts',(-6.98758604118131,7.59375716525663,-27.0727907195812));
#2788=CARTESIAN_POINT('Ctrl Pts',(-8.08629353346285,6.19131708425381,-26.8681616326318));
#2789=CARTESIAN_POINT('Ctrl Pts',(-8.30331793543289,5.20392547905146,-26.7241340436714));
#2790=CARTESIAN_POINT('Ctrl Pts',(-8.29919930034189,4.71128759799806,-26.6522515374696));
#2791=CARTESIAN_POINT('Ctrl Pts',(-5.,8.70380159299024,-27.0694236568982));
#2792=CARTESIAN_POINT('Ctrl Pts',(-5.89538116026109,8.70380159299024,-27.0694236568982));
#2793=CARTESIAN_POINT('Ctrl Pts',(-7.37961473699969,8.16704854375418,-26.9948938212898));
#2794=CARTESIAN_POINT('Ctrl Pts',(-8.66839507533352,6.4825172727226,-26.760764858305));
#2795=CARTESIAN_POINT('Ctrl Pts',(-8.90909060366437,5.31179373984114,-26.5978401691403));
#2796=CARTESIAN_POINT('Ctrl Pts',(-8.89677682628386,4.73102259458806,-26.5169730531539));
#2797=CARTESIAN_POINT('Ctrl Pts',(-5.,9.68480883814055,-26.413745810606));
#2798=CARTESIAN_POINT('Ctrl Pts',(-6.09386863115505,9.68480883814055,-26.413745810606));
#2799=CARTESIAN_POINT('Ctrl Pts',(-7.90708192674211,9.02416796883495,-26.338015488886));
#2800=CARTESIAN_POINT('Ctrl Pts',(-9.47009823271349,6.96148988049527,-26.1008537709963));
#2801=CARTESIAN_POINT('Ctrl Pts',(-9.75600530573013,5.53402216095483,-25.9363009724855));
#2802=CARTESIAN_POINT('Ctrl Pts',(-9.73771765871138,4.82763431433118,-25.8547237867612));
#2803=CARTESIAN_POINT('Ctrl Pts',(-5.,10.,-25.6010408157683));
#2804=CARTESIAN_POINT('Ctrl Pts',(-6.1387909501181,10.,-25.6010408157683));
#2805=CARTESIAN_POINT('Ctrl Pts',(-8.02643007117264,9.32485812441277,-25.5367865562523));
#2806=CARTESIAN_POINT('Ctrl Pts',(-9.68852647692593,7.1828413786678,-25.3324318729385));
#2807=CARTESIAN_POINT('Ctrl Pts',(-10.0098272204936,5.6826527231305,-25.1889130314516));
#2808=CARTESIAN_POINT('Ctrl Pts',(-10.,4.93521308849074,-25.1172980949712));
#2809=CARTESIAN_POINT('Ctrl Pts',(-5.,10.,-25.1108526287082));
#2810=CARTESIAN_POINT('Ctrl Pts',(-6.12199737628207,10.,-25.1108526287082));
#2811=CARTESIAN_POINT('Ctrl Pts',(-7.98536234663176,9.3448461780989,-25.0535066649068));
#2812=CARTESIAN_POINT('Ctrl Pts',(-9.65800344849565,7.24153680889514,-24.8694028729154));
#2813=CARTESIAN_POINT('Ctrl Pts',(-10.,5.74799825085471,-24.7386726455668));
#2814=CARTESIAN_POINT('Ctrl Pts',(-10.,5.,-24.6731999593317));
#2815=CARTESIAN_POINT('Origin',(-5.,5.,-24.6731999593317));
#2816=CARTESIAN_POINT('Origin',(-5.,4.71128759799806,-26.6522515374696));
#2817=CARTESIAN_POINT('Origin',(315.,4.99999999999998,0.));
#2818=CARTESIAN_POINT('',(315.,10.,0.));
#2819=CARTESIAN_POINT('',(320.,5.,0.));
#2820=CARTESIAN_POINT('Origin',(-5.,10.,0.));
#2821=CARTESIAN_POINT('',(-5.,10.,0.));
#2822=CARTESIAN_POINT('Origin',(-5.,5.,0.));
#2823=CARTESIAN_POINT('',(-10.,5.,0.));
#2824=CARTESIAN_POINT('Origin',(-10.,-125.,0.));
#2825=CARTESIAN_POINT('',(-10.,-125.,0.));
#2826=CARTESIAN_POINT('Origin',(155.,-59.601735505588,-17.2699961251507));
#2827=CARTESIAN_POINT('',(313.3,-125.,-7.7294211156275));
#2828=CARTESIAN_POINT('Origin',(315.,-125.,-7.7294211156275));
#2829=CARTESIAN_POINT('',(98.3,5.,-26.6943701219424));
#2830=CARTESIAN_POINT('Origin',(100.,5.,-26.6943701219424));
#2831=CARTESIAN_POINT('',(-6.70000007450581,5.00000007450581,-26.6943701328116));
#2832=CARTESIAN_POINT('Origin',(-5.00000007450581,5.00000007450581,-26.6943701328116));
#2833=CARTESIAN_POINT('',(208.3,5.00000007450581,-26.6943701328116));
#2834=CARTESIAN_POINT('Origin',(210.,5.00000007450581,-26.6943701328116));
#2835=CARTESIAN_POINT('',(208.3,-124.999999925494,-7.72942112649672));
#2836=CARTESIAN_POINT('Origin',(210.,-124.999999925494,-7.72942112649672));
#2837=CARTESIAN_POINT('',(313.299999925494,-59.9999999254942,-17.2118956296542));
#2838=CARTESIAN_POINT('Origin',(314.999999925494,-59.9999999254942,-17.2118956296542));
#2839=CARTESIAN_POINT('',(-6.70000007450581,-124.999999925494,-7.72942112649672));
#2840=CARTESIAN_POINT('Origin',(-5.00000007450581,-124.999999925494,-7.72942112649672));
#2841=CARTESIAN_POINT('',(-6.70000007450581,-59.9999999254942,-17.2118956296542));
#2842=CARTESIAN_POINT('Origin',(-5.00000007450581,-59.9999999254942,-17.2118956296542));
#2843=CARTESIAN_POINT('',(313.3,5.,-26.6943701219424));
#2844=CARTESIAN_POINT('Origin',(315.,5.,-26.6943701219424));
#2845=CARTESIAN_POINT('',(98.3,-125.,-7.7294211156275));
#2846=CARTESIAN_POINT('Origin',(100.,-125.,-7.7294211156275));
#2847=CARTESIAN_POINT('Origin',(315.,-125.,0.));
#2848=CARTESIAN_POINT('',(320.,-125.,0.));
#2849=CARTESIAN_POINT('',(315.,-130.,0.));
#2850=CARTESIAN_POINT('Origin',(320.,5.,0.));
#2851=CARTESIAN_POINT('Origin',(-4.99999999999998,-125.,0.));
#2852=CARTESIAN_POINT('',(-5.,-130.,0.));
#2853=CARTESIAN_POINT('Origin',(315.,-130.,0.));
#2854=CARTESIAN_POINT('Origin',(306.4,-4.2,0.));
#2855=CARTESIAN_POINT('',(306.4,-118.8,-4.4));
#2856=CARTESIAN_POINT('',(306.4,-4.2,-4.4));
#2857=CARTESIAN_POINT('',(306.4,-118.8,-2.2));
#2858=CARTESIAN_POINT('',(306.4,-118.8,0.));
#2859=CARTESIAN_POINT('',(306.4,-4.2,-2.2));
#2860=CARTESIAN_POINT('',(306.4,-32.1,-2.2));
#2861=CARTESIAN_POINT('',(306.4,-4.2,0.));
#2862=CARTESIAN_POINT('Origin',(154.8,-61.5,-4.4));
#2863=CARTESIAN_POINT('',(306.4,-118.8,-4.4));
#2864=CARTESIAN_POINT('Origin',(3.2,-4.2,0.));
#2865=CARTESIAN_POINT('',(79.1,-4.2,-2.2));
#2866=CARTESIAN_POINT('Origin',(306.4,-118.8,0.));
#2867=CARTESIAN_POINT('',(230.7,-118.8,-2.2));
#2868=CARTESIAN_POINT('Origin',(310.,0.,0.));
#2869=CARTESIAN_POINT('',(310.,0.,-2.2));
#2870=CARTESIAN_POINT('',(310.,0.,0.));
#2871=CARTESIAN_POINT('',(310.,-120.,-2.2));
#2872=CARTESIAN_POINT('',(310.,0.,-2.2));
#2873=CARTESIAN_POINT('',(310.,-120.,0.));
#2874=CARTESIAN_POINT('Origin',(0.,0.,0.));
#2875=CARTESIAN_POINT('',(0.,0.,-2.2));
#2876=CARTESIAN_POINT('',(0.,0.,0.));
#2877=CARTESIAN_POINT('',(0.,0.,-2.2));
#2878=CARTESIAN_POINT('Origin',(0.,-120.,0.));
#2879=CARTESIAN_POINT('',(0.,-120.,-2.2));
#2880=CARTESIAN_POINT('Origin',(310.,-120.,0.));
#2881=CARTESIAN_POINT('',(310.,-120.,-2.2));
#2882=CARTESIAN_POINT('Origin',(155.,-60.,-2.2));
#2883=CARTESIAN_POINT('Origin',(315.,-125.,0.));
#2884=CARTESIAN_POINT('',(313.3,-125.,0.));
#2885=CARTESIAN_POINT('Origin',(100.,5.,0.));
#2886=CARTESIAN_POINT('',(98.3,5.,0.));
#2887=CARTESIAN_POINT('Origin',(-5.00000007450581,5.00000007450581,0.));
#2888=CARTESIAN_POINT('',(-6.70000007450581,5.00000007450581,0.));
#2889=CARTESIAN_POINT('Origin',(210.,5.00000007450581,0.));
#2890=CARTESIAN_POINT('',(208.3,5.00000007450581,0.));
#2891=CARTESIAN_POINT('Origin',(210.,-124.999999925494,0.));
#2892=CARTESIAN_POINT('',(208.3,-124.999999925494,0.));
#2893=CARTESIAN_POINT('Origin',(314.999999925494,-59.9999999254942,0.));
#2894=CARTESIAN_POINT('',(313.299999925494,-59.9999999254942,0.));
#2895=CARTESIAN_POINT('Origin',(-5.00000007450581,-124.999999925494,0.));
#2896=CARTESIAN_POINT('',(-6.70000007450581,-124.999999925494,0.));
#2897=CARTESIAN_POINT('Origin',(-5.00000007450581,-59.9999999254942,0.));
#2898=CARTESIAN_POINT('',(-6.70000007450581,-59.9999999254942,0.));
#2899=CARTESIAN_POINT('Origin',(315.,5.,0.));
#2900=CARTESIAN_POINT('',(313.3,5.,0.));
#2901=CARTESIAN_POINT('Origin',(100.,-125.,0.));
#2902=CARTESIAN_POINT('',(98.3,-125.,0.));
#2903=CARTESIAN_POINT('',(0.,0.,0.));
#2904=CARTESIAN_POINT('Origin',(-10.0000001490116,-22.,0.));
#2905=CARTESIAN_POINT('',(1.19209289176081E-7,-22.,-11.));
#2906=CARTESIAN_POINT('',(1.19209289176081E-7,-22.,0.));
#2907=CARTESIAN_POINT('',(1.19209289106692E-7,-22.,0.));
#2908=CARTESIAN_POINT('',(-10.0000001490116,-22.,-11.));
#2909=CARTESIAN_POINT('',(-5.50000008195639,-22.,-11.));
#2910=CARTESIAN_POINT('',(-10.0000001490116,-22.,0.));
#2911=CARTESIAN_POINT('',(-10.,-22.,0.));
#2912=CARTESIAN_POINT('',(72.4999999254942,-22.,0.));
#2913=CARTESIAN_POINT('Origin',(-1.00000001490116,-26.5,-11.));
#2914=CARTESIAN_POINT('',(1.19209289176081E-7,-31.,-11.));
#2915=CARTESIAN_POINT('',(1.19209289106692E-7,-24.,-11.));
#2916=CARTESIAN_POINT('',(-10.0000001490116,-31.,-11.));
#2917=CARTESIAN_POINT('',(3.50000005215406,-31.,-11.));
#2918=CARTESIAN_POINT('',(-10.0000001490116,-21.5,-11.));
#2919=CARTESIAN_POINT('Origin',(1.19209289176081E-7,-21.5,0.));
#2920=CARTESIAN_POINT('',(1.19209289176081E-7,-31.,0.));
#2921=CARTESIAN_POINT('',(1.19209289176081E-7,-31.5,0.));
#2922=CARTESIAN_POINT('',(1.19209289106692E-7,-31.,0.));
#2923=CARTESIAN_POINT('Origin',(8.00000011920929,-31.,0.));
#2924=CARTESIAN_POINT('',(-10.0000001490116,-31.,0.));
#2925=CARTESIAN_POINT('',(81.5000000596046,-31.,0.));
#2926=CARTESIAN_POINT('',(-10.,-31.,0.));
#2927=CARTESIAN_POINT('Origin',(155.,-60.,0.));
#2928=CARTESIAN_POINT('',(-10.,5.,0.));
#2929=CARTESIAN_POINT('',(-10.,-125.,0.));
#2930=CARTESIAN_POINT('',(-5.,10.,0.));
#2931=CARTESIAN_POINT('Origin',(-5.,5.,0.));
#2932=CARTESIAN_POINT('',(315.,10.,0.));
#2933=CARTESIAN_POINT('',(-5.,10.,0.));
#2934=CARTESIAN_POINT('',(320.,5.,0.));
#2935=CARTESIAN_POINT('Origin',(315.,4.99999999999998,0.));
#2936=CARTESIAN_POINT('',(320.,-125.,0.));
#2937=CARTESIAN_POINT('',(320.,5.,0.));
#2938=CARTESIAN_POINT('',(315.,-130.,0.));
#2939=CARTESIAN_POINT('Origin',(315.,-125.,0.));
#2940=CARTESIAN_POINT('',(-5.,-130.,0.));
#2941=CARTESIAN_POINT('',(315.,-130.,0.));
#2942=CARTESIAN_POINT('',(-10.,-125.,0.));
#2943=CARTESIAN_POINT('Origin',(-4.99999999999998,-125.,0.));
#2944=CARTESIAN_POINT('',(-10.,-125.,0.));
#2945=CARTESIAN_POINT('',(3.2,-118.8,0.));
#2946=CARTESIAN_POINT('',(3.2,-4.2,0.));
#2947=CARTESIAN_POINT('',(3.2,-118.8,0.));
#2948=CARTESIAN_POINT('',(306.4,-118.8,0.));
#2949=CARTESIAN_POINT('',(306.4,-118.8,0.));
#2950=CARTESIAN_POINT('',(306.4,-4.2,0.));
#2951=CARTESIAN_POINT('',(306.4,-4.2,0.));
#2952=CARTESIAN_POINT('',(3.2,-4.2,0.));
#2953=CARTESIAN_POINT('',(-6.70000007450581,-124.999999925494,0.));
#2954=CARTESIAN_POINT('Origin',(-5.00000007450581,-124.999999925494,0.));
#2955=CARTESIAN_POINT('',(208.3,5.00000007450581,0.));
#2956=CARTESIAN_POINT('Origin',(210.,5.00000007450581,0.));
#2957=CARTESIAN_POINT('',(313.299999925494,-59.9999999254942,0.));
#2958=CARTESIAN_POINT('Origin',(314.999999925494,-59.9999999254942,0.));
#2959=CARTESIAN_POINT('',(313.3,-125.,0.));
#2960=CARTESIAN_POINT('Origin',(315.,-125.,0.));
#2961=CARTESIAN_POINT('',(98.3,5.,0.));
#2962=CARTESIAN_POINT('Origin',(100.,5.,0.));
#2963=CARTESIAN_POINT('',(313.3,5.,0.));
#2964=CARTESIAN_POINT('Origin',(315.,5.,0.));
#2965=CARTESIAN_POINT('',(98.3,-125.,0.));
#2966=CARTESIAN_POINT('Origin',(100.,-125.,0.));
#2967=CARTESIAN_POINT('',(208.3,-124.999999925494,0.));
#2968=CARTESIAN_POINT('Origin',(210.,-124.999999925494,0.));
#2969=CARTESIAN_POINT('',(-6.70000007450581,5.00000007450581,0.));
#2970=CARTESIAN_POINT('Origin',(-5.00000007450581,5.00000007450581,0.));
#2971=CARTESIAN_POINT('',(-6.70000007450581,-59.9999999254942,0.));
#2972=CARTESIAN_POINT('Origin',(-5.00000007450581,-59.9999999254942,0.));
#2973=CARTESIAN_POINT('Origin',(306.4,-4.2,0.));
#2974=CARTESIAN_POINT('',(306.4,-118.8,2.));
#2975=CARTESIAN_POINT('',(306.4,-118.8,0.));
#2976=CARTESIAN_POINT('',(306.4,-4.2,2.));
#2977=CARTESIAN_POINT('',(306.4,-4.2,2.));
#2978=CARTESIAN_POINT('',(306.4,-4.2,0.));
#2979=CARTESIAN_POINT('Origin',(3.2,-4.2,0.));
#2980=CARTESIAN_POINT('',(3.2,-4.2,2.));
#2981=CARTESIAN_POINT('',(3.2,-4.2,2.));
#2982=CARTESIAN_POINT('',(3.2,-4.2,0.));
#2983=CARTESIAN_POINT('Origin',(3.2,-118.8,0.));
#2984=CARTESIAN_POINT('',(3.2,-118.8,2.));
#2985=CARTESIAN_POINT('',(3.2,-118.8,2.));
#2986=CARTESIAN_POINT('',(3.2,-118.8,0.));
#2987=CARTESIAN_POINT('Origin',(306.4,-118.8,0.));
#2988=CARTESIAN_POINT('',(306.4,-118.8,2.));
#2989=CARTESIAN_POINT('Origin',(-5.00000007450581,-124.999999925494,0.));
#2990=CARTESIAN_POINT('',(-6.70000007450581,-124.999999925494,2.));
#2991=CARTESIAN_POINT('Origin',(-5.00000007450581,-124.999999925494,2.));
#2992=CARTESIAN_POINT('',(-6.70000007450581,-124.999999925494,0.));
#2993=CARTESIAN_POINT('Origin',(210.,5.00000007450581,0.));
#2994=CARTESIAN_POINT('',(208.3,5.00000007450581,2.));
#2995=CARTESIAN_POINT('Origin',(210.,5.00000007450581,2.));
#2996=CARTESIAN_POINT('',(208.3,5.00000007450581,0.));
#2997=CARTESIAN_POINT('Origin',(314.999999925494,-59.9999999254942,0.));
#2998=CARTESIAN_POINT('',(313.299999925494,-59.9999999254942,2.));
#2999=CARTESIAN_POINT('Origin',(314.999999925494,-59.9999999254942,2.));
#3000=CARTESIAN_POINT('',(313.299999925494,-59.9999999254942,0.));
#3001=CARTESIAN_POINT('Origin',(315.,-125.,0.));
#3002=CARTESIAN_POINT('',(313.3,-125.,2.));
#3003=CARTESIAN_POINT('Origin',(315.,-125.,2.));
#3004=CARTESIAN_POINT('',(313.3,-125.,0.));
#3005=CARTESIAN_POINT('Origin',(100.,5.,0.));
#3006=CARTESIAN_POINT('',(98.3,5.,2.));
#3007=CARTESIAN_POINT('Origin',(100.,5.,2.));
#3008=CARTESIAN_POINT('',(98.3,5.,0.));
#3009=CARTESIAN_POINT('Origin',(315.,5.,0.));
#3010=CARTESIAN_POINT('',(313.3,5.,2.));
#3011=CARTESIAN_POINT('Origin',(315.,5.,2.));
#3012=CARTESIAN_POINT('',(313.3,5.,0.));
#3013=CARTESIAN_POINT('Origin',(100.,-125.,0.));
#3014=CARTESIAN_POINT('',(98.3,-125.,2.));
#3015=CARTESIAN_POINT('Origin',(100.,-125.,2.));
#3016=CARTESIAN_POINT('',(98.3,-125.,0.));
#3017=CARTESIAN_POINT('Origin',(210.,-124.999999925494,0.));
#3018=CARTESIAN_POINT('',(208.3,-124.999999925494,2.));
#3019=CARTESIAN_POINT('Origin',(210.,-124.999999925494,2.));
#3020=CARTESIAN_POINT('',(208.3,-124.999999925494,0.));
#3021=CARTESIAN_POINT('Origin',(-5.00000007450581,5.00000007450581,0.));
#3022=CARTESIAN_POINT('',(-6.70000007450581,5.00000007450581,2.));
#3023=CARTESIAN_POINT('Origin',(-5.00000007450581,5.00000007450581,2.));
#3024=CARTESIAN_POINT('',(-6.70000007450581,5.00000007450581,0.));
#3025=CARTESIAN_POINT('Origin',(-5.00000007450581,-59.9999999254942,0.));
#3026=CARTESIAN_POINT('',(-6.70000007450581,-59.9999999254942,2.));
#3027=CARTESIAN_POINT('Origin',(-5.00000007450581,-59.9999999254942,2.));
#3028=CARTESIAN_POINT('',(-6.70000007450581,-59.9999999254942,0.));
#3029=CARTESIAN_POINT('Origin',(-4.99999999999998,-125.,0.));
#3030=CARTESIAN_POINT('',(-5.,-130.,2.));
#3031=CARTESIAN_POINT('',(-5.,-130.,0.));
#3032=CARTESIAN_POINT('',(-10.,-125.,2.));
#3033=CARTESIAN_POINT('Origin',(-4.99999999999998,-125.,2.));
#3034=CARTESIAN_POINT('',(-10.,-125.,0.));
#3035=CARTESIAN_POINT('Origin',(-10.,5.,0.));
#3036=CARTESIAN_POINT('',(-10.,5.,2.));
#3037=CARTESIAN_POINT('',(-10.,-125.,2.));
#3038=CARTESIAN_POINT('',(-10.,5.,0.));
#3039=CARTESIAN_POINT('Origin',(-5.,5.,0.));
#3040=CARTESIAN_POINT('',(-5.,10.,2.));
#3041=CARTESIAN_POINT('Origin',(-5.,5.,2.));
#3042=CARTESIAN_POINT('',(-5.,10.,0.));
#3043=CARTESIAN_POINT('Origin',(315.,10.,0.));
#3044=CARTESIAN_POINT('',(315.,10.,2.));
#3045=CARTESIAN_POINT('',(-5.,10.,2.));
#3046=CARTESIAN_POINT('',(315.,10.,0.));
#3047=CARTESIAN_POINT('Origin',(315.,4.99999999999998,0.));
#3048=CARTESIAN_POINT('',(320.,5.,2.));
#3049=CARTESIAN_POINT('Origin',(315.,4.99999999999998,2.));
#3050=CARTESIAN_POINT('',(320.,5.,0.));
#3051=CARTESIAN_POINT('Origin',(320.,-125.,0.));
#3052=CARTESIAN_POINT('',(320.,-125.,2.));
#3053=CARTESIAN_POINT('',(320.,5.,2.));
#3054=CARTESIAN_POINT('',(320.,-125.,0.));
#3055=CARTESIAN_POINT('Origin',(315.,-125.,0.));
#3056=CARTESIAN_POINT('',(315.,-130.,2.));
#3057=CARTESIAN_POINT('Origin',(315.,-125.,2.));
#3058=CARTESIAN_POINT('',(315.,-130.,0.));
#3059=CARTESIAN_POINT('Origin',(-5.,-130.,0.));
#3060=CARTESIAN_POINT('',(315.,-130.,2.));
#3061=CARTESIAN_POINT('Origin',(155.,-60.,2.));
#3062=CARTESIAN_POINT('',(0.,0.,0.));
#3063=CARTESIAN_POINT('',(0.,0.,0.));
#3064=UNCERTAINTY_MEASURE_WITH_UNIT(LENGTH_MEASURE(0.01),#3072,
'DISTANCE_ACCURACY_VALUE',
'Maximum model space distance between geometric entities at asserted c
onnectivities');
#3065=UNCERTAINTY_MEASURE_WITH_UNIT(LENGTH_MEASURE(0.01),#3072,
'DISTANCE_ACCURACY_VALUE',
'Maximum model space distance between geometric entities at asserted c
onnectivities');
#3066=UNCERTAINTY_MEASURE_WITH_UNIT(LENGTH_MEASURE(0.01),#3072,
'DISTANCE_ACCURACY_VALUE',
'Maximum model space distance between geometric entities at asserted c
onnectivities');
#3067=UNCERTAINTY_MEASURE_WITH_UNIT(LENGTH_MEASURE(0.01),#3072,
'DISTANCE_ACCURACY_VALUE',
'Maximum model space distance between geometric entities at asserted c
onnectivities');
#3068=(
GEOMETRIC_REPRESENTATION_CONTEXT(3)
GLOBAL_UNCERTAINTY_ASSIGNED_CONTEXT((#3064))
GLOBAL_UNIT_ASSIGNED_CONTEXT((#3072,#3074,#3075))
REPRESENTATION_CONTEXT('','3D')
);
#3069=(
GEOMETRIC_REPRESENTATION_CONTEXT(3)
GLOBAL_UNCERTAINTY_ASSIGNED_CONTEXT((#3065))
GLOBAL_UNIT_ASSIGNED_CONTEXT((#3072,#3074,#3075))
REPRESENTATION_CONTEXT('','3D')
);
#3070=(
GEOMETRIC_REPRESENTATION_CONTEXT(3)
GLOBAL_UNCERTAINTY_ASSIGNED_CONTEXT((#3066))
GLOBAL_UNIT_ASSIGNED_CONTEXT((#3072,#3074,#3075))
REPRESENTATION_CONTEXT('','3D')
);
#3071=(
GEOMETRIC_REPRESENTATION_CONTEXT(3)
GLOBAL_UNCERTAINTY_ASSIGNED_CONTEXT((#3067))
GLOBAL_UNIT_ASSIGNED_CONTEXT((#3072,#3074,#3075))
REPRESENTATION_CONTEXT('','3D')
);
#3072=(
LENGTH_UNIT()
NAMED_UNIT(*)
SI_UNIT(.MILLI.,.METRE.)
);
#3073=(
LENGTH_UNIT()
NAMED_UNIT(*)
SI_UNIT($,.METRE.)
);
#3074=(
NAMED_UNIT(*)
PLANE_ANGLE_UNIT()
SI_UNIT($,.RADIAN.)
);
#3075=(
NAMED_UNIT(*)
SI_UNIT($,.STERADIAN.)
SOLID_ANGLE_UNIT()
);
#3076=SHAPE_DEFINITION_REPRESENTATION(#3079,#3084);
#3077=SHAPE_DEFINITION_REPRESENTATION(#3080,#3085);
#3078=SHAPE_DEFINITION_REPRESENTATION(#3081,#3086);
#3079=PRODUCT_DEFINITION_SHAPE('',$,#3088);
#3080=PRODUCT_DEFINITION_SHAPE('',$,#3089);
#3081=PRODUCT_DEFINITION_SHAPE('',$,#3090);
#3082=PRODUCT_DEFINITION_SHAPE($,$,#17);
#3083=PRODUCT_DEFINITION_SHAPE($,$,#18);
#3084=SHAPE_REPRESENTATION('',(#1752,#1937,#1938),#3068);
#3085=SHAPE_REPRESENTATION('',(#1753),#3069);
#3086=SHAPE_REPRESENTATION('',(#1880),#3070);
#3087=PRODUCT_DEFINITION_CONTEXT('part definition',#3098,'design');
#3088=PRODUCT_DEFINITION('.75 keyboard cad','.75 keyboard cad v6',#3091,
#3087);
#3089=PRODUCT_DEFINITION('base','base',#3092,#3087);
#3090=PRODUCT_DEFINITION('Lid','Lid',#3093,#3087);
#3091=PRODUCT_DEFINITION_FORMATION('',$,#3100);
#3092=PRODUCT_DEFINITION_FORMATION('',$,#3101);
#3093=PRODUCT_DEFINITION_FORMATION('',$,#3102);
#3094=PRODUCT_RELATED_PRODUCT_CATEGORY('.75 keyboard cad v6',
'.75 keyboard cad v6',(#3100));
#3095=PRODUCT_RELATED_PRODUCT_CATEGORY('base','base',(#3101));
#3096=PRODUCT_RELATED_PRODUCT_CATEGORY('Lid','Lid',(#3102));
#3097=APPLICATION_PROTOCOL_DEFINITION('international standard',
'automotive_design',2009,#3098);
#3098=APPLICATION_CONTEXT(
'Core Data for Automotive Mechanical Design Process');
#3099=PRODUCT_CONTEXT('part definition',#3098,'mechanical');
#3100=PRODUCT('.75 keyboard cad','.75 keyboard cad v6',$,(#3099));
#3101=PRODUCT('base','base',$,(#3099));
#3102=PRODUCT('Lid','Lid',$,(#3099));
#3103=PRESENTATION_STYLE_ASSIGNMENT((#3104));
#3104=SURFACE_STYLE_USAGE(.BOTH.,#3105);
#3105=SURFACE_SIDE_STYLE('',(#3106));
#3106=SURFACE_STYLE_FILL_AREA(#3107);
#3107=FILL_AREA_STYLE('Steel - Satin',(#3108));
#3108=FILL_AREA_STYLE_COLOUR('Steel - Satin',#3109);
#3109=COLOUR_RGB('Steel - Satin',0.627450980392157,0.627450980392157,0.627450980392157);
ENDSEC;
END-ISO-10303-21;
